# H961: 961 vertices. columns: index, index in parent graph, x, y, z (30 significant digits)
0 0 0.462460540399789090275175959213 -0.328038302965002737500206225959 -0.154960069609891460058823614935
1 1 -0.462460540399789090275175959213 0.328038302965002737500206225959 -0.154960069609891460058823614935
2 2 -0.154960069609891460058823614935 0.462460540399789090275175959213 -0.328038302965002737500206225959
3 3 0.255226189541718015911889106771 -0.19996043049819387734453019406 0.490272292934771394577786499275
4 4 0.462460540399789090275175959213 0.328038302965002737500206225959 -0.154960069609891460058823614935
5 5 -0.154960069609891460058823614935 -0.462460540399789090275175959213 0.328038302965002737500206225959
6 6 -0.00449553001386397466788625267817 0.045000360888302417285706579125 -0.586042882852733975762965738434
7 7 -0.462460540399789090275175959213 -0.328038302965002737500206225959 -0.154960069609891460058823614935
8 8 0.154960069609891460058823614935 -0.462460540399789090275175959213 -0.328038302965002737500206225959
9 9 -0.328038302965002737500206225959 -0.154960069609891460058823614935 0.462460540399789090275175959213
10 10 0.330816693311015959851076631662 0.162233989969768657077580273316 -0.457965010385925115607289706535
11 11 -0.154960069609891460058823614935 -0.462460540399789090275175959213 -0.328038302965002737500206225959
12 12 -0.255226189541718015911889106771 0.19996043049819387734453019406 0.490272292934771394577786499275
13 13 0.490272292934771394577786499275 0.255226189541718015911889106771 -0.19996043049819387734453019406
14 14 -0.330816693311015959851076631662 0.162233989969768657077580273316 0.457965010385925115607289706535
15 15 0.255226189541718015911889106771 0.19996043049819387734453019406 0.490272292934771394577786499275
16 16 -0.154960069609891460058823614935 0.462460540399789090275175959213 0.328038302965002737500206225959
17 17 0.457965010385925115607289706535 0.330816693311015959851076631662 0.162233989969768657077580273316
18 18 0.154960069609891460058823614935 0.462460540399789090275175959213 0.328038302965002737500206225959
19 19 0.328038302965002737500206225959 -0.154960069609891460058823614935 -0.462460540399789090275175959213
20 20 -0.485776762920907419909900246597 -0.258004579887731238262759512475 0.207234350858071074363286852441
21 21 0.00449553001386397466788625267817 -0.045000360888302417285706579125 -0.586042882852733975762965738434
22 22 -0.586042882852733975762965738434 -0.00449553001386397466788625267817 0.045000360888302417285706579125
23 23 0.485776762920907419909900246597 -0.258004579887731238262759512475 -0.207234350858071074363286852441
24 24 -0.00449553001386397466788625267817 -0.045000360888302417285706579125 -0.586042882852733975762965738434
25 25 -0.207234350858071074363286852441 -0.485776762920907419909900246597 -0.258004579887731238262759512475
26 26 -0.328038302965002737500206225959 0.154960069609891460058823614935 -0.462460540399789090275175959213
27 27 0.19996043049819387734453019406 -0.490272292934771394577786499275 0.255226189541718015911889106771
28 28 0.154960069609891460058823614935 0.462460540399789090275175959213 -0.328038302965002737500206225959
29 29 0.328038302965002737500206225959 0.154960069609891460058823614935 0.462460540399789090275175959213
30 30 -0.586042882852733975762965738434 0.00449553001386397466788625267817 -0.045000360888302417285706579125
31 31 -0.328038302965002737500206225959 0.154960069609891460058823614935 0.462460540399789090275175959213
32 32 -0.330816693311015959851076631662 -0.162233989969768657077580273316 -0.457965010385925115607289706535
33 33 -0.457965010385925115607289706535 0.330816693311015959851076631662 0.162233989969768657077580273316
34 34 0.586042882852733975762965738434 0.00449553001386397466788625267817 0.045000360888302417285706579125
35 35 0.330816693311015959851076631662 -0.162233989969768657077580273316 -0.457965010385925115607289706535
36 36 -0.328038302965002737500206225959 -0.154960069609891460058823614935 -0.462460540399789090275175959213
37 37 0.045000360888302417285706579125 -0.586042882852733975762965738434 0.00449553001386397466788625267817
38 38 0.490272292934771394577786499275 -0.255226189541718015911889106771 0.19996043049819387734453019406
39 39 -0.255226189541718015911889106771 -0.19996043049819387734453019406 0.490272292934771394577786499275
40 40 -0.490272292934771394577786499275 -0.255226189541718015911889106771 -0.19996043049819387734453019406
41 41 -0.19996043049819387734453019406 0.490272292934771394577786499275 0.255226189541718015911889106771
42 42 0.485776762920907419909900246597 0.258004579887731238262759512475 0.207234350858071074363286852441
43 43 0.490272292934771394577786499275 -0.255226189541718015911889106771 -0.19996043049819387734453019406
44 44 0.330816693311015959851076631662 -0.162233989969768657077580273316 0.457965010385925115607289706535
45 45 0.457965010385925115607289706535 -0.330816693311015959851076631662 0.162233989969768657077580273316
46 46 -0.485776762920907419909900246597 0.258004579887731238262759512475 -0.207234350858071074363286852441
47 47 -0.330816693311015959851076631662 -0.162233989969768657077580273316 0.457965010385925115607289706535
48 48 0.490272292934771394577786499275 0.255226189541718015911889106771 0.19996043049819387734453019406
49 49 -0.207234350858071074363286852441 0.485776762920907419909900246597 0.258004579887731238262759512475
50 50 0.154960069609891460058823614935 -0.462460540399789090275175959213 0.328038302965002737500206225959
51 51 0.328038302965002737500206225959 -0.154960069609891460058823614935 0.462460540399789090275175959213
52 52 -0.19996043049819387734453019406 0.490272292934771394577786499275 -0.255226189541718015911889106771
53 53 -0.457965010385925115607289706535 -0.330816693311015959851076631662 0.162233989969768657077580273316
54 54 0.162233989969768657077580273316 0.457965010385925115607289706535 0.330816693311015959851076631662
55 55 0.19996043049819387734453019406 0.490272292934771394577786499275 0.255226189541718015911889106771
56 56 -0.045000360888302417285706579125 0.586042882852733975762965738434 -0.00449553001386397466788625267817
57 57 0.328038302965002737500206225959 0.154960069609891460058823614935 -0.462460540399789090275175959213
58 58 0.207234350858071074363286852441 -0.485776762920907419909900246597 -0.258004579887731238262759512475
59 59 -0.485776762920907419909900246597 0.258004579887731238262759512475 0.207234350858071074363286852441
60 60 0.00449553001386397466788625267817 0.045000360888302417285706579125 -0.586042882852733975762965738434
61 61 0.045000360888302417285706579125 -0.586042882852733975762965738434 -0.00449553001386397466788625267817
62 62 -0.586042882852733975762965738434 0.00449553001386397466788625267817 0.045000360888302417285706579125
63 63 -0.207234350858071074363286852441 0.485776762920907419909900246597 -0.258004579887731238262759512475
64 64 0.485776762920907419909900246597 0.258004579887731238262759512475 -0.207234350858071074363286852441
65 65 -0.586042882852733975762965738434 -0.00449553001386397466788625267817 -0.045000360888302417285706579125
66 66 0.457965010385925115607289706535 -0.330816693311015959851076631662 -0.162233989969768657077580273316
67 67 0.207234350858071074363286852441 0.485776762920907419909900246597 -0.258004579887731238262759512475
68 68 -0.258004579887731238262759512475 -0.207234350858071074363286852441 -0.485776762920907419909900246597
69 69 -0.045000360888302417285706579125 -0.586042882852733975762965738434 -0.00449553001386397466788625267817
70 70 -0.462460540399789090275175959213 -0.328038302965002737500206225959 0.154960069609891460058823614935
71 71 0.258004579887731238262759512475 -0.207234350858071074363286852441 -0.485776762920907419909900246597
72 72 0.255226189541718015911889106771 0.19996043049819387734453019406 -0.490272292934771394577786499275
73 73 -0.258004579887731238262759512475 -0.207234350858071074363286852441 0.485776762920907419909900246597
74 74 0.462460540399789090275175959213 0.328038302965002737500206225959 0.154960069609891460058823614935
75 75 -0.162233989969768657077580273316 0.457965010385925115607289706535 0.330816693311015959851076631662
76 76 0.586042882852733975762965738434 -0.00449553001386397466788625267817 -0.045000360888302417285706579125
77 77 -0.045000360888302417285706579125 -0.586042882852733975762965738434 0.00449553001386397466788625267817
78 78 -0.255226189541718015911889106771 -0.19996043049819387734453019406 -0.490272292934771394577786499275
79 79 0.462460540399789090275175959213 -0.328038302965002737500206225959 0.154960069609891460058823614935
80 80 -0.490272292934771394577786499275 0.255226189541718015911889106771 -0.19996043049819387734453019406
81 81 -0.457965010385925115607289706535 -0.330816693311015959851076631662 -0.162233989969768657077580273316
82 82 -0.330816693311015959851076631662 0.162233989969768657077580273316 -0.457965010385925115607289706535
83 83 0.162233989969768657077580273316 -0.457965010385925115607289706535 0.330816693311015959851076631662
84 84 -0.258004579887731238262759512475 0.207234350858071074363286852441 -0.485776762920907419909900246597
85 85 0.045000360888302417285706579125 0.586042882852733975762965738434 0.00449553001386397466788625267817
86 86 0.258004579887731238262759512475 0.207234350858071074363286852441 0.485776762920907419909900246597
87 87 0.586042882852733975762965738434 -0.00449553001386397466788625267817 0.045000360888302417285706579125
88 88 -0.457965010385925115607289706535 0.330816693311015959851076631662 -0.162233989969768657077580273316
89 89 0.485776762920907419909900246597 -0.258004579887731238262759512475 0.207234350858071074363286852441
90 90 0.162233989969768657077580273316 -0.457965010385925115607289706535 -0.330816693311015959851076631662
91 91 -0.045000360888302417285706579125 0.586042882852733975762965738434 0.00449553001386397466788625267817
92 92 -0.162233989969768657077580273316 -0.457965010385925115607289706535 0.330816693311015959851076631662
93 93 -0.490272292934771394577786499275 0.255226189541718015911889106771 0.19996043049819387734453019406
94 94 0.19996043049819387734453019406 0.490272292934771394577786499275 -0.255226189541718015911889106771
95 95 0.00449553001386397466788625267817 0.045000360888302417285706579125 0.586042882852733975762965738434
96 96 -0.19996043049819387734453019406 -0.490272292934771394577786499275 -0.255226189541718015911889106771
97 97 -0.162233989969768657077580273316 -0.457965010385925115607289706535 -0.330816693311015959851076631662
98 98 -0.19996043049819387734453019406 -0.490272292934771394577786499275 0.255226189541718015911889106771
99 99 0.207234350858071074363286852441 0.485776762920907419909900246597 0.258004579887731238262759512475
100 100 0.457965010385925115607289706535 0.330816693311015959851076631662 -0.162233989969768657077580273316
101 101 0.330816693311015959851076631662 0.162233989969768657077580273316 0.457965010385925115607289706535
102 102 0.162233989969768657077580273316 0.457965010385925115607289706535 -0.330816693311015959851076631662
103 103 -0.00449553001386397466788625267817 -0.045000360888302417285706579125 0.586042882852733975762965738434
104 104 -0.207234350858071074363286852441 -0.485776762920907419909900246597 0.258004579887731238262759512475
105 105 -0.485776762920907419909900246597 -0.258004579887731238262759512475 -0.207234350858071074363286852441
106 106 -0.490272292934771394577786499275 -0.255226189541718015911889106771 0.19996043049819387734453019406
107 107 0.207234350858071074363286852441 -0.485776762920907419909900246597 0.258004579887731238262759512475
108 108 0.258004579887731238262759512475 -0.207234350858071074363286852441 0.485776762920907419909900246597
109 109 -0.162233989969768657077580273316 0.457965010385925115607289706535 -0.330816693311015959851076631662
110 110 -0.258004579887731238262759512475 0.207234350858071074363286852441 0.485776762920907419909900246597
111 111 0.19996043049819387734453019406 -0.490272292934771394577786499275 -0.255226189541718015911889106771
112 112 0.258004579887731238262759512475 0.207234350858071074363286852441 -0.485776762920907419909900246597
113 113 0.045000360888302417285706579125 0.586042882852733975762965738434 -0.00449553001386397466788625267817
114 114 -0.462460540399789090275175959213 0.328038302965002737500206225959 0.154960069609891460058823614935
115 115 0.586042882852733975762965738434 0.00449553001386397466788625267817 -0.045000360888302417285706579125
116 116 0.255226189541718015911889106771 -0.19996043049819387734453019406 -0.490272292934771394577786499275
117 117 -0.255226189541718015911889106771 0.19996043049819387734453019406 -0.490272292934771394577786499275
118 118 0.00449553001386397466788625267817 -0.045000360888302417285706579125 0.586042882852733975762965738434
119 119 -0.00449553001386397466788625267817 0.045000360888302417285706579125 0.586042882852733975762965738434
120 120 -0.221760129434262413093313408539 0.0948333267976609666676634697202 0.536022936015161115838882967883
121 121 0.221760129434262413093313408539 -0.0948333267976609666676634697202 0.536022936015161115838882967883
122 122 0.536022936015161115838882967883 -0.221760129434262413093313408539 0.0948333267976609666676634697202
123 123 -0.515226619714561260274339158251 0.276205592350026310204632933385 -0.0611841801824969251208877545055
124 124 -0.221760129434262413093313408539 -0.0948333267976609666676634697202 0.536022936015161115838882967883
125 125 0.536022936015161115838882967883 0.221760129434262413093313408539 -0.0948333267976609666676634697202
126 126 -0.352076709507479546686244822022 0.259817343665134805634250034497 0.392464573389376616242588766895
127 127 0.221760129434262413093313408539 0.0948333267976609666676634697202 0.536022936015161115838882967883
128 128 -0.536022936015161115838882967883 0.221760129434262413093313408539 0.0948333267976609666676634697202
129 129 0.0948333267976609666676634697202 0.536022936015161115838882967883 -0.221760129434262413093313408539
130 130 0.122762046325184644031750391356 0.0336491466151640415467757152147 0.573836838941741959779558230561
131 131 0.536022936015161115838882967883 0.221760129434262413093313408539 0.0948333267976609666676634697202
132 132 0.515226619714561260274339158251 -0.276205592350026310204632933385 -0.0611841801824969251208877545055
133 133 -0.0611841801824969251208877545055 -0.515226619714561260274339158251 0.276205592350026310204632933385
134 134 -0.122762046325184644031750391356 0.0336491466151640415467757152147 -0.573836838941741959779558230561
135 135 -0.515226619714561260274339158251 -0.276205592350026310204632933385 -0.0611841801824969251208877545055
136 136 0.536022936015161115838882967883 -0.221760129434262413093313408539 -0.0948333267976609666676634697202
137 137 -0.573836838941741959779558230561 0.122762046325184644031750391356 0.0336491466151640415467757152147
138 138 -0.536022936015161115838882967883 -0.221760129434262413093313408539 -0.0948333267976609666676634697202
139 139 -0.0948333267976609666676634697202 0.536022936015161115838882967883 0.221760129434262413093313408539
140 140 0.413260889689976471807132576527 0.297631246591715649574925297175 0.293466490280298847181025749712
141 141 0.352076709507479546686244822022 -0.259817343665134805634250034497 0.392464573389376616242588766895
142 142 0.392464573389376616242588766895 -0.352076709507479546686244822022 0.259817343665134805634250034497
143 143 -0.413260889689976471807132576527 0.297631246591715649574925297175 -0.293466490280298847181025749712
144 144 -0.352076709507479546686244822022 -0.259817343665134805634250034497 0.392464573389376616242588766895
145 145 -0.293466490280298847181025749712 0.413260889689976471807132576527 0.297631246591715649574925297175
146 146 0.0948333267976609666676634697202 -0.536022936015161115838882967883 0.221760129434262413093313408539
147 147 -0.276205592350026310204632933385 0.0611841801824969251208877545055 -0.515226619714561260274339158251
148 148 -0.536022936015161115838882967883 -0.221760129434262413093313408539 0.0948333267976609666676634697202
149 149 -0.0948333267976609666676634697202 -0.536022936015161115838882967883 -0.221760129434262413093313408539
150 150 0.392464573389376616242588766895 0.352076709507479546686244822022 -0.259817343665134805634250034497
151 151 0.0948333267976609666676634697202 -0.536022936015161115838882967883 -0.221760129434262413093313408539
152 152 -0.122762046325184644031750391356 -0.0336491466151640415467757152147 0.573836838941741959779558230561
153 153 0.573836838941741959779558230561 0.122762046325184644031750391356 0.0336491466151640415467757152147
154 154 -0.392464573389376616242588766895 0.352076709507479546686244822022 0.259817343665134805634250034497
155 155 0.122762046325184644031750391356 -0.0336491466151640415467757152147 0.573836838941741959779558230561
156 156 0.0948333267976609666676634697202 0.536022936015161115838882967883 0.221760129434262413093313408539
157 157 0.259817343665134805634250034497 0.392464573389376616242588766895 0.352076709507479546686244822022
158 158 -0.0611841801824969251208877545055 0.515226619714561260274339158251 -0.276205592350026310204632933385
159 159 0.515226619714561260274339158251 0.276205592350026310204632933385 -0.0611841801824969251208877545055
160 160 0.0611841801824969251208877545055 0.515226619714561260274339158251 0.276205592350026310204632933385
161 161 0.276205592350026310204632933385 -0.0611841801824969251208877545055 -0.515226619714561260274339158251
162 162 -0.413260889689976471807132576527 -0.297631246591715649574925297175 0.293466490280298847181025749712
163 163 -0.0611841801824969251208877545055 0.515226619714561260274339158251 0.276205592350026310204632933385
164 164 0.122762046325184644031750391356 -0.0336491466151640415467757152147 -0.573836838941741959779558230561
165 165 -0.573836838941741959779558230561 -0.122762046325184644031750391356 0.0336491466151640415467757152147
166 166 0.413260889689976471807132576527 -0.297631246591715649574925297175 -0.293466490280298847181025749712
167 167 -0.122762046325184644031750391356 -0.0336491466151640415467757152147 -0.573836838941741959779558230561
168 168 -0.0611841801824969251208877545055 -0.515226619714561260274339158251 -0.276205592350026310204632933385
169 169 -0.293466490280298847181025749712 -0.413260889689976471807132576527 -0.297631246591715649574925297175
170 170 -0.536022936015161115838882967883 0.221760129434262413093313408539 -0.0948333267976609666676634697202
171 171 -0.0948333267976609666676634697202 0.536022936015161115838882967883 -0.221760129434262413093313408539
172 172 0.276205592350026310204632933385 -0.0611841801824969251208877545055 0.515226619714561260274339158251
173 173 0.573836838941741959779558230561 -0.122762046325184644031750391356 0.0336491466151640415467757152147
174 174 0.0336491466151640415467757152147 -0.573836838941741959779558230561 0.122762046325184644031750391356
175 175 -0.276205592350026310204632933385 -0.0611841801824969251208877545055 -0.515226619714561260274339158251
176 176 -0.259817343665134805634250034497 -0.392464573389376616242588766895 -0.352076709507479546686244822022
177 177 -0.0948333267976609666676634697202 -0.536022936015161115838882967883 0.221760129434262413093313408539
178 178 0.293466490280298847181025749712 0.413260889689976471807132576527 0.297631246591715649574925297175
179 179 0.413260889689976471807132576527 -0.297631246591715649574925297175 0.293466490280298847181025749712
180 180 0.352076709507479546686244822022 0.259817343665134805634250034497 0.392464573389376616242588766895
181 181 0.259817343665134805634250034497 0.392464573389376616242588766895 -0.352076709507479546686244822022
182 182 0.392464573389376616242588766895 0.352076709507479546686244822022 0.259817343665134805634250034497
183 183 -0.293466490280298847181025749712 -0.413260889689976471807132576527 0.297631246591715649574925297175
184 184 -0.413260889689976471807132576527 -0.297631246591715649574925297175 -0.293466490280298847181025749712
185 185 0.392464573389376616242588766895 -0.352076709507479546686244822022 -0.259817343665134805634250034497
186 186 -0.573836838941741959779558230561 -0.122762046325184644031750391356 -0.0336491466151640415467757152147
187 187 0.293466490280298847181025749712 -0.413260889689976471807132576527 0.297631246591715649574925297175
188 188 0.297631246591715649574925297175 -0.293466490280298847181025749712 0.413260889689976471807132576527
189 189 -0.259817343665134805634250034497 0.392464573389376616242588766895 -0.352076709507479546686244822022
190 190 0.221760129434262413093313408539 0.0948333267976609666676634697202 -0.536022936015161115838882967883
191 191 -0.297631246591715649574925297175 -0.293466490280298847181025749712 0.413260889689976471807132576527
192 192 -0.515226619714561260274339158251 -0.276205592350026310204632933385 0.0611841801824969251208877545055
193 193 0.297631246591715649574925297175 -0.293466490280298847181025749712 -0.413260889689976471807132576527
194 194 -0.221760129434262413093313408539 -0.0948333267976609666676634697202 -0.536022936015161115838882967883
195 195 -0.0336491466151640415467757152147 -0.573836838941741959779558230561 0.122762046325184644031750391356
196 196 -0.392464573389376616242588766895 -0.352076709507479546686244822022 -0.259817343665134805634250034497
197 197 -0.259817343665134805634250034497 0.392464573389376616242588766895 0.352076709507479546686244822022
198 198 0.515226619714561260274339158251 0.276205592350026310204632933385 0.0611841801824969251208877545055
199 199 -0.221760129434262413093313408539 0.0948333267976609666676634697202 -0.536022936015161115838882967883
200 200 0.0611841801824969251208877545055 -0.515226619714561260274339158251 0.276205592350026310204632933385
201 201 0.573836838941741959779558230561 -0.122762046325184644031750391356 -0.0336491466151640415467757152147
202 202 -0.122762046325184644031750391356 0.0336491466151640415467757152147 0.573836838941741959779558230561
203 203 0.0336491466151640415467757152147 0.573836838941741959779558230561 0.122762046325184644031750391356
204 204 0.297631246591715649574925297175 0.293466490280298847181025749712 0.413260889689976471807132576527
205 205 0.259817343665134805634250034497 -0.392464573389376616242588766895 0.352076709507479546686244822022
206 206 -0.297631246591715649574925297175 0.293466490280298847181025749712 -0.413260889689976471807132576527
207 207 -0.392464573389376616242588766895 -0.352076709507479546686244822022 0.259817343665134805634250034497
208 208 0.573836838941741959779558230561 0.122762046325184644031750391356 -0.0336491466151640415467757152147
209 209 -0.413260889689976471807132576527 0.297631246591715649574925297175 0.293466490280298847181025749712
210 210 0.0336491466151640415467757152147 0.573836838941741959779558230561 -0.122762046325184644031750391356
211 211 -0.259817343665134805634250034497 -0.392464573389376616242588766895 0.352076709507479546686244822022
212 212 -0.0336491466151640415467757152147 0.573836838941741959779558230561 0.122762046325184644031750391356
213 213 0.0611841801824969251208877545055 -0.515226619714561260274339158251 -0.276205592350026310204632933385
214 214 -0.276205592350026310204632933385 -0.0611841801824969251208877545055 0.515226619714561260274339158251
215 215 0.352076709507479546686244822022 0.259817343665134805634250034497 -0.392464573389376616242588766895
216 216 0.276205592350026310204632933385 0.0611841801824969251208877545055 0.515226619714561260274339158251
217 217 -0.0336491466151640415467757152147 0.573836838941741959779558230561 -0.122762046325184644031750391356
218 218 0.276205592350026310204632933385 0.0611841801824969251208877545055 -0.515226619714561260274339158251
219 219 0.293466490280298847181025749712 -0.413260889689976471807132576527 -0.297631246591715649574925297175
220 220 -0.573836838941741959779558230561 0.122762046325184644031750391356 -0.0336491466151640415467757152147
221 221 0.122762046325184644031750391356 0.0336491466151640415467757152147 -0.573836838941741959779558230561
222 222 0.0336491466151640415467757152147 -0.573836838941741959779558230561 -0.122762046325184644031750391356
223 223 -0.352076709507479546686244822022 -0.259817343665134805634250034497 -0.392464573389376616242588766895
224 224 -0.293466490280298847181025749712 0.413260889689976471807132576527 -0.297631246591715649574925297175
225 225 0.413260889689976471807132576527 0.297631246591715649574925297175 -0.293466490280298847181025749712
226 226 0.0611841801824969251208877545055 0.515226619714561260274339158251 -0.276205592350026310204632933385
227 227 0.293466490280298847181025749712 0.413260889689976471807132576527 -0.297631246591715649574925297175
228 228 -0.297631246591715649574925297175 -0.293466490280298847181025749712 -0.413260889689976471807132576527
229 229 -0.0336491466151640415467757152147 -0.573836838941741959779558230561 -0.122762046325184644031750391356
230 230 0.297631246591715649574925297175 0.293466490280298847181025749712 -0.413260889689976471807132576527
231 231 -0.276205592350026310204632933385 0.0611841801824969251208877545055 0.515226619714561260274339158251
232 232 -0.297631246591715649574925297175 0.293466490280298847181025749712 0.413260889689976471807132576527
233 233 0.259817343665134805634250034497 -0.392464573389376616242588766895 -0.352076709507479546686244822022
234 234 0.221760129434262413093313408539 -0.0948333267976609666676634697202 -0.536022936015161115838882967883
235 235 -0.392464573389376616242588766895 0.352076709507479546686244822022 -0.259817343665134805634250034497
236 236 -0.515226619714561260274339158251 0.276205592350026310204632933385 0.0611841801824969251208877545055
237 237 0.515226619714561260274339158251 -0.276205592350026310204632933385 0.0611841801824969251208877545055
238 238 0.352076709507479546686244822022 -0.259817343665134805634250034497 -0.392464573389376616242588766895
239 239 -0.352076709507479546686244822022 0.259817343665134805634250034497 -0.392464573389376616242588766895
240 240 -0.572192898669753515356370689103 -0.0446176651242847428621209493906 -0.126870222996921774334164862137
241 241 0.572192898669753515356370689103 0.0446176651242847428621209493906 -0.126870222996921774334164862137
242 242 -0.126870222996921774334164862137 -0.572192898669753515356370689103 -0.0446176651242847428621209493906
243 243 -0.197243899622962155492358438276 -0.276348890582953728327474958907 -0.479810001508538570995201398206
244 244 -0.572192898669753515356370689103 0.0446176651242847428621209493906 -0.126870222996921774334164862137
245 245 -0.126870222996921774334164862137 0.572192898669753515356370689103 0.0446176651242847428621209493906
246 246 0.402524232592260132358261990539 0.14947866758603195399331009677 0.40139989153616236846346270808
247 247 0.572192898669753515356370689103 -0.0446176651242847428621209493906 -0.126870222996921774334164862137
248 248 0.126870222996921774334164862137 0.572192898669753515356370689103 -0.0446176651242847428621209493906
249 249 -0.0446176651242847428621209493906 -0.126870222996921774334164862137 -0.572192898669753515356370689103
250 250 -0.204155991913200212971104269804 -0.524427666632823313857322347597 0.169668666077493382998108698564
251 251 -0.126870222996921774334164862137 0.572192898669753515356370689103 -0.0446176651242847428621209493906
252 252 0.197243899622962155492358438276 0.276348890582953728327474958907 -0.479810001508538570995201398206
253 253 -0.479810001508538570995201398206 -0.197243899622962155492358438276 -0.276348890582953728327474958907
254 254 0.204155991913200212971104269804 -0.524427666632823313857322347597 -0.169668666077493382998108698564
255 255 -0.197243899622962155492358438276 0.276348890582953728327474958907 -0.479810001508538570995201398206
256 256 -0.126870222996921774334164862137 -0.572192898669753515356370689103 0.0446176651242847428621209493906
257 257 -0.169668666077493382998108698564 -0.204155991913200212971104269804 -0.524427666632823313857322347597
258 258 0.126870222996921774334164862137 -0.572192898669753515356370689103 0.0446176651242847428621209493906
259 259 0.0446176651242847428621209493906 -0.126870222996921774334164862137 0.572192898669753515356370689103
260 260 0.0772857689162784386369394076669 0.44601755666044711132558365747 -0.374948999046791359864012250827
261 261 -0.402524232592260132358261990539 -0.14947866758603195399331009677 0.40139989153616236846346270808
262 262 0.40139989153616236846346270808 0.402524232592260132358261990539 0.14947866758603195399331009677
263 263 -0.0772857689162784386369394076669 0.44601755666044711132558365747 0.374948999046791359864012250827
264 264 0.402524232592260132358261990539 -0.14947866758603195399331009677 0.40139989153616236846346270808
265 265 0.374948999046791359864012250827 0.0772857689162784386369394076669 0.44601755666044711132558365747
266 266 -0.0446176651242847428621209493906 0.126870222996921774334164862137 0.572192898669753515356370689103
267 267 0.276348890582953728327474958907 0.479810001508538570995201398206 -0.197243899622962155492358438276
268 268 0.126870222996921774334164862137 -0.572192898669753515356370689103 -0.0446176651242847428621209493906
269 269 0.0446176651242847428621209493906 0.126870222996921774334164862137 -0.572192898669753515356370689103
270 270 0.40139989153616236846346270808 -0.402524232592260132358261990539 -0.14947866758603195399331009677
271 271 -0.0446176651242847428621209493906 0.126870222996921774334164862137 -0.572192898669753515356370689103
272 272 0.204155991913200212971104269804 0.524427666632823313857322347597 0.169668666077493382998108698564
273 273 0.169668666077493382998108698564 -0.204155991913200212971104269804 -0.524427666632823313857322347597
274 274 -0.40139989153616236846346270808 -0.402524232592260132358261990539 0.14947866758603195399331009677
275 275 -0.204155991913200212971104269804 0.524427666632823313857322347597 0.169668666077493382998108698564
276 276 -0.0446176651242847428621209493906 -0.126870222996921774334164862137 0.572192898669753515356370689103
277 277 0.14947866758603195399331009677 0.40139989153616236846346270808 -0.402524232592260132358261990539
278 278 -0.479810001508538570995201398206 0.197243899622962155492358438276 0.276348890582953728327474958907
279 279 0.197243899622962155492358438276 -0.276348890582953728327474958907 -0.479810001508538570995201398206
280 280 0.479810001508538570995201398206 0.197243899622962155492358438276 -0.276348890582953728327474958907
281 281 -0.276348890582953728327474958907 -0.479810001508538570995201398206 -0.197243899622962155492358438276
282 282 -0.0772857689162784386369394076669 -0.44601755666044711132558365747 -0.374948999046791359864012250827
283 283 -0.479810001508538570995201398206 0.197243899622962155492358438276 -0.276348890582953728327474958907
284 284 -0.204155991913200212971104269804 0.524427666632823313857322347597 -0.169668666077493382998108698564
285 285 -0.169668666077493382998108698564 0.204155991913200212971104269804 -0.524427666632823313857322347597
286 286 0.0772857689162784386369394076669 -0.44601755666044711132558365747 0.374948999046791359864012250827
287 287 0.204155991913200212971104269804 0.524427666632823313857322347597 -0.169668666077493382998108698564
288 288 -0.479810001508538570995201398206 -0.197243899622962155492358438276 0.276348890582953728327474958907
289 289 0.374948999046791359864012250827 -0.0772857689162784386369394076669 -0.44601755666044711132558365747
290 290 0.126870222996921774334164862137 0.572192898669753515356370689103 0.0446176651242847428621209493906
291 291 0.0446176651242847428621209493906 -0.126870222996921774334164862137 -0.572192898669753515356370689103
292 292 -0.276348890582953728327474958907 -0.479810001508538570995201398206 0.197243899622962155492358438276
293 293 0.169668666077493382998108698564 0.204155991913200212971104269804 -0.524427666632823313857322347597
294 294 -0.524427666632823313857322347597 -0.169668666077493382998108698564 -0.204155991913200212971104269804
295 295 0.276348890582953728327474958907 -0.479810001508538570995201398206 -0.197243899622962155492358438276
296 297 0.0446176651242847428621209493906 0.126870222996921774334164862137 0.572192898669753515356370689103
297 298 -0.374948999046791359864012250827 0.0772857689162784386369394076669 0.44601755666044711132558365747
298 299 0.0772857689162784386369394076669 -0.44601755666044711132558365747 -0.374948999046791359864012250827
299 300 -0.402524232592260132358261990539 0.14947866758603195399331009677 0.40139989153616236846346270808
300 301 0.14947866758603195399331009677 0.40139989153616236846346270808 0.402524232592260132358261990539
301 302 0.40139989153616236846346270808 -0.402524232592260132358261990539 0.14947866758603195399331009677
302 303 0.374948999046791359864012250827 -0.0772857689162784386369394076669 0.44601755666044711132558365747
303 304 -0.0772857689162784386369394076669 -0.44601755666044711132558365747 0.374948999046791359864012250827
304 305 0.40139989153616236846346270808 0.402524232592260132358261990539 -0.14947866758603195399331009677
305 306 -0.169668666077493382998108698564 0.204155991913200212971104269804 0.524427666632823313857322347597
306 307 -0.374948999046791359864012250827 -0.0772857689162784386369394076669 0.44601755666044711132558365747
307 308 0.44601755666044711132558365747 0.374948999046791359864012250827 0.0772857689162784386369394076669
308 309 -0.14947866758603195399331009677 0.40139989153616236846346270808 0.402524232592260132358261990539
309 310 0.572192898669753515356370689103 -0.0446176651242847428621209493906 0.126870222996921774334164862137
310 311 -0.44601755666044711132558365747 0.374948999046791359864012250827 0.0772857689162784386369394076669
311 312 -0.197243899622962155492358438276 0.276348890582953728327474958907 0.479810001508538570995201398206
312 313 0.44601755666044711132558365747 0.374948999046791359864012250827 -0.0772857689162784386369394076669
313 314 -0.572192898669753515356370689103 0.0446176651242847428621209493906 0.126870222996921774334164862137
314 315 0.524427666632823313857322347597 -0.169668666077493382998108698564 -0.204155991913200212971104269804
315 316 -0.40139989153616236846346270808 0.402524232592260132358261990539 -0.14947866758603195399331009677
316 317 -0.14947866758603195399331009677 0.40139989153616236846346270808 -0.402524232592260132358261990539
317 318 0.197243899622962155492358438276 -0.276348890582953728327474958907 0.479810001508538570995201398206
318 319 -0.572192898669753515356370689103 -0.0446176651242847428621209493906 0.126870222996921774334164862137
319 320 0.479810001508538570995201398206 -0.197243899622962155492358438276 -0.276348890582953728327474958907
320 321 0.169668666077493382998108698564 0.204155991913200212971104269804 0.524427666632823313857322347597
321 322 0.204155991913200212971104269804 -0.524427666632823313857322347597 0.169668666077493382998108698564
322 323 -0.524427666632823313857322347597 0.169668666077493382998108698564 -0.204155991913200212971104269804
323 324 0.44601755666044711132558365747 -0.374948999046791359864012250827 0.0772857689162784386369394076669
324 325 0.14947866758603195399331009677 -0.40139989153616236846346270808 -0.402524232592260132358261990539
325 326 -0.44601755666044711132558365747 -0.374948999046791359864012250827 -0.0772857689162784386369394076669
326 327 -0.40139989153616236846346270808 0.402524232592260132358261990539 0.14947866758603195399331009677
327 328 0.169668666077493382998108698564 -0.204155991913200212971104269804 0.524427666632823313857322347597
328 329 -0.0772857689162784386369394076669 0.44601755666044711132558365747 -0.374948999046791359864012250827
329 330 -0.524427666632823313857322347597 0.169668666077493382998108698564 0.204155991913200212971104269804
330 331 -0.14947866758603195399331009677 -0.40139989153616236846346270808 -0.402524232592260132358261990539
331 332 0.524427666632823313857322347597 0.169668666077493382998108698564 -0.204155991913200212971104269804
332 333 0.479810001508538570995201398206 -0.197243899622962155492358438276 0.276348890582953728327474958907
333 334 0.276348890582953728327474958907 -0.479810001508538570995201398206 0.197243899622962155492358438276
334 335 -0.402524232592260132358261990539 0.14947866758603195399331009677 -0.40139989153616236846346270808
335 336 -0.276348890582953728327474958907 0.479810001508538570995201398206 0.197243899622962155492358438276
336 337 0.524427666632823313857322347597 0.169668666077493382998108698564 0.204155991913200212971104269804
337 338 -0.276348890582953728327474958907 0.479810001508538570995201398206 -0.197243899622962155492358438276
338 339 -0.374948999046791359864012250827 -0.0772857689162784386369394076669 -0.44601755666044711132558365747
339 340 -0.169668666077493382998108698564 -0.204155991913200212971104269804 0.524427666632823313857322347597
340 341 -0.204155991913200212971104269804 -0.524427666632823313857322347597 -0.169668666077493382998108698564
341 342 -0.524427666632823313857322347597 -0.169668666077493382998108698564 0.204155991913200212971104269804
342 343 0.402524232592260132358261990539 -0.14947866758603195399331009677 -0.40139989153616236846346270808
343 344 0.374948999046791359864012250827 0.0772857689162784386369394076669 -0.44601755666044711132558365747
344 345 0.0772857689162784386369394076669 0.44601755666044711132558365747 0.374948999046791359864012250827
345 346 0.479810001508538570995201398206 0.197243899622962155492358438276 0.276348890582953728327474958907
346 347 -0.374948999046791359864012250827 0.0772857689162784386369394076669 -0.44601755666044711132558365747
347 348 -0.44601755666044711132558365747 0.374948999046791359864012250827 -0.0772857689162784386369394076669
348 349 0.524427666632823313857322347597 -0.169668666077493382998108698564 0.204155991913200212971104269804
349 350 0.44601755666044711132558365747 -0.374948999046791359864012250827 -0.0772857689162784386369394076669
350 351 0.276348890582953728327474958907 0.479810001508538570995201398206 0.197243899622962155492358438276
351 352 -0.44601755666044711132558365747 -0.374948999046791359864012250827 0.0772857689162784386369394076669
352 353 0.14947866758603195399331009677 -0.40139989153616236846346270808 0.402524232592260132358261990539
353 354 0.572192898669753515356370689103 0.0446176651242847428621209493906 0.126870222996921774334164862137
354 355 -0.40139989153616236846346270808 -0.402524232592260132358261990539 -0.14947866758603195399331009677
355 356 -0.197243899622962155492358438276 -0.276348890582953728327474958907 0.479810001508538570995201398206
356 357 0.197243899622962155492358438276 0.276348890582953728327474958907 0.479810001508538570995201398206
357 358 -0.402524232592260132358261990539 -0.14947866758603195399331009677 -0.40139989153616236846346270808
358 359 0.402524232592260132358261990539 0.14947866758603195399331009677 -0.40139989153616236846346270808
359 360 -0.135915761086601025133108480321 -0.225016434416617650145742586373 -0.525724274637578711020365011492
360 361 0.135915761086601025133108480321 0.225016434416617650145742586373 -0.525724274637578711020365011492
361 362 -0.525724274637578711020365011492 -0.135915761086601025133108480321 -0.225016434416617650145742586373
362 363 0.287828089745552155864368471409 -0.48690453675465372992190368099 -0.159907678532610549753273034856
363 364 -0.135915761086601025133108480321 0.225016434416617650145742586373 -0.525724274637578711020365011492
364 365 -0.525724274637578711020365011492 0.135915761086601025133108480321 0.225016434416617650145742586373
365 366 0.562811655328934505718625885036 -0.0388197378829249810984613305017 -0.165007791904297400809356310098
366 367 0.135915761086601025133108480321 -0.225016434416617650145742586373 -0.525724274637578711020365011492
367 369 -0.225016434416617650145742586373 -0.525724274637578711020365011492 -0.135915761086601025133108480321
368 370 -0.122820297841254755055012161311 -0.384924112949228199899015621229 -0.426895894242333480585517404715
369 371 -0.525724274637578711020365011492 0.135915761086601025133108480321 -0.225016434416617650145742586373
370 372 -0.287828089745552155864368471409 0.48690453675465372992190368099 -0.159907678532610549753273034856
371 373 -0.159907678532610549753273034856 0.287828089745552155864368471409 -0.48690453675465372992190368099
372 374 0.122820297841254755055012161311 -0.384924112949228199899015621229 0.426895894242333480585517404715
373 375 0.287828089745552155864368471409 0.48690453675465372992190368099 -0.159907678532610549753273034856
374 376 -0.525724274637578711020365011492 -0.135915761086601025133108480321 0.225016434416617650145742586373
375 377 0.426895894242333480585517404715 -0.122820297841254755055012161311 -0.384924112949228199899015621229
376 378 0.525724274637578711020365011492 -0.135915761086601025133108480321 0.225016434416617650145742586373
377 379 0.225016434416617650145742586373 -0.525724274637578711020365011492 0.135915761086601025133108480321
378 380 -0.40290397679632395596535285018 0.0600086425123202493363862762751 -0.423743850832153180997476951731
379 381 -0.562811655328934505718625885036 0.0388197378829249810984613305017 -0.165007791904297400809356310098
380 383 0.40290397679632395596535285018 0.0600086425123202493363862762751 0.423743850832153180997476951731
381 384 0.562811655328934505718625885036 0.0388197378829249810984613305017 -0.165007791904297400809356310098
382 385 0.423743850832153180997476951731 -0.40290397679632395596535285018 0.0600086425123202493363862762751
383 386 -0.225016434416617650145742586373 0.525724274637578711020365011492 0.135915761086601025133108480321
384 387 0.48690453675465372992190368099 0.159907678532610549753273034856 0.287828089745552155864368471409
385 388 0.525724274637578711020365011492 -0.135915761086601025133108480321 -0.225016434416617650145742586373
386 389 0.225016434416617650145742586373 0.525724274637578711020365011492 -0.135915761086601025133108480321
387 390 -0.165007791904297400809356310098 -0.562811655328934505718625885036 0.0388197378829249810984613305017
388 391 -0.225016434416617650145742586373 0.525724274637578711020365011492 -0.135915761086601025133108480321
389 392 0.122820297841254755055012161311 0.384924112949228199899015621229 -0.426895894242333480585517404715
390 393 -0.426895894242333480585517404715 -0.122820297841254755055012161311 -0.384924112949228199899015621229
391 394 0.165007791904297400809356310098 -0.562811655328934505718625885036 -0.0388197378829249810984613305017
392 395 -0.122820297841254755055012161311 0.384924112949228199899015621229 -0.426895894242333480585517404715
393 396 -0.225016434416617650145742586373 -0.525724274637578711020365011492 0.135915761086601025133108480321
394 397 -0.0388197378829249810984613305017 -0.165007791904297400809356310098 -0.562811655328934505718625885036
395 398 -0.159907678532610549753273034856 -0.287828089745552155864368471409 0.48690453675465372992190368099
396 399 -0.287828089745552155864368471409 -0.48690453675465372992190368099 -0.159907678532610549753273034856
397 400 0.159907678532610549753273034856 -0.287828089745552155864368471409 -0.48690453675465372992190368099
398 401 -0.48690453675465372992190368099 -0.159907678532610549753273034856 0.287828089745552155864368471409
399 402 0.40290397679632395596535285018 -0.0600086425123202493363862762751 -0.423743850832153180997476951731
400 403 -0.159907678532610549753273034856 -0.287828089745552155864368471409 -0.48690453675465372992190368099
401 404 -0.122820297841254755055012161311 0.384924112949228199899015621229 0.426895894242333480585517404715
402 405 0.426895894242333480585517404715 0.122820297841254755055012161311 -0.384924112949228199899015621229
403 406 -0.40290397679632395596535285018 -0.0600086425123202493363862762751 0.423743850832153180997476951731
404 409 0.423743850832153180997476951731 0.40290397679632395596535285018 -0.0600086425123202493363862762751
405 410 0.525724274637578711020365011492 0.135915761086601025133108480321 0.225016434416617650145742586373
406 412 -0.48690453675465372992190368099 -0.159907678532610549753273034856 -0.287828089745552155864368471409
407 413 -0.426895894242333480585517404715 0.122820297841254755055012161311 -0.384924112949228199899015621229
408 414 -0.384924112949228199899015621229 0.426895894242333480585517404715 -0.122820297841254755055012161311
409 416 0.0388197378829249810984613305017 0.165007791904297400809356310098 0.562811655328934505718625885036
410 417 0.225016434416617650145742586373 0.525724274637578711020365011492 0.135915761086601025133108480321
411 418 -0.423743850832153180997476951731 -0.40290397679632395596535285018 0.0600086425123202493363862762751
412 419 -0.40290397679632395596535285018 -0.0600086425123202493363862762751 -0.423743850832153180997476951731
413 420 -0.562811655328934505718625885036 -0.0388197378829249810984613305017 -0.165007791904297400809356310098
414 421 -0.0388197378829249810984613305017 -0.165007791904297400809356310098 0.562811655328934505718625885036
415 422 -0.165007791904297400809356310098 -0.562811655328934505718625885036 -0.0388197378829249810984613305017
416 423 0.423743850832153180997476951731 0.40290397679632395596535285018 0.0600086425123202493363862762751
417 424 0.40290397679632395596535285018 -0.0600086425123202493363862762751 0.423743850832153180997476951731
418 425 -0.165007791904297400809356310098 0.562811655328934505718625885036 0.0388197378829249810984613305017
419 426 0.426895894242333480585517404715 0.122820297841254755055012161311 0.384924112949228199899015621229
420 427 -0.423743850832153180997476951731 0.40290397679632395596535285018 0.0600086425123202493363862762751
421 429 0.0388197378829249810984613305017 -0.165007791904297400809356310098 0.562811655328934505718625885036
422 430 0.135915761086601025133108480321 -0.225016434416617650145742586373 0.525724274637578711020365011492
423 431 -0.0600086425123202493363862762751 0.423743850832153180997476951731 -0.40290397679632395596535285018
424 432 0.287828089745552155864368471409 0.48690453675465372992190368099 0.159907678532610549753273034856
425 433 0.0600086425123202493363862762751 0.423743850832153180997476951731 0.40290397679632395596535285018
426 434 -0.135915761086601025133108480321 0.225016434416617650145742586373 0.525724274637578711020365011492
427 435 0.384924112949228199899015621229 0.426895894242333480585517404715 -0.122820297841254755055012161311
428 436 0.165007791904297400809356310098 0.562811655328934505718625885036 0.0388197378829249810984613305017
429 437 0.0388197378829249810984613305017 -0.165007791904297400809356310098 -0.562811655328934505718625885036
430 438 -0.287828089745552155864368471409 -0.48690453675465372992190368099 0.159907678532610549753273034856
431 439 -0.135915761086601025133108480321 -0.225016434416617650145742586373 0.525724274637578711020365011492
432 440 0.159907678532610549753273034856 0.287828089745552155864368471409 -0.48690453675465372992190368099
433 441 -0.426895894242333480585517404715 0.122820297841254755055012161311 0.384924112949228199899015621229
434 442 0.122820297841254755055012161311 -0.384924112949228199899015621229 -0.426895894242333480585517404715
435 444 0.0600086425123202493363862762751 -0.423743850832153180997476951731 -0.40290397679632395596535285018
436 445 -0.0388197378829249810984613305017 0.165007791904297400809356310098 -0.562811655328934505718625885036
437 446 -0.0600086425123202493363862762751 -0.423743850832153180997476951731 0.40290397679632395596535285018
438 447 0.165007791904297400809356310098 0.562811655328934505718625885036 -0.0388197378829249810984613305017
439 448 -0.426895894242333480585517404715 -0.122820297841254755055012161311 0.384924112949228199899015621229
440 449 0.40290397679632395596535285018 0.0600086425123202493363862762751 -0.423743850832153180997476951731
441 450 -0.384924112949228199899015621229 -0.426895894242333480585517404715 0.122820297841254755055012161311
442 451 0.0388197378829249810984613305017 0.165007791904297400809356310098 -0.562811655328934505718625885036
443 452 0.384924112949228199899015621229 -0.426895894242333480585517404715 -0.122820297841254755055012161311
444 453 0.159907678532610549753273034856 0.287828089745552155864368471409 0.48690453675465372992190368099
445 454 0.48690453675465372992190368099 -0.159907678532610549753273034856 -0.287828089745552155864368471409
446 455 -0.562811655328934505718625885036 -0.0388197378829249810984613305017 0.165007791904297400809356310098
447 456 -0.48690453675465372992190368099 0.159907678532610549753273034856 -0.287828089745552155864368471409
448 457 0.384924112949228199899015621229 -0.426895894242333480585517404715 0.122820297841254755055012161311
449 458 -0.48690453675465372992190368099 0.159907678532610549753273034856 0.287828089745552155864368471409
450 459 -0.423743850832153180997476951731 0.40290397679632395596535285018 -0.0600086425123202493363862762751
451 460 0.426895894242333480585517404715 -0.122820297841254755055012161311 0.384924112949228199899015621229
452 461 -0.122820297841254755055012161311 -0.384924112949228199899015621229 0.426895894242333480585517404715
453 462 -0.384924112949228199899015621229 0.426895894242333480585517404715 0.122820297841254755055012161311
454 464 0.423743850832153180997476951731 -0.40290397679632395596535285018 -0.0600086425123202493363862762751
455 465 -0.40290397679632395596535285018 0.0600086425123202493363862762751 0.423743850832153180997476951731
456 466 0.159907678532610549753273034856 -0.287828089745552155864368471409 0.48690453675465372992190368099
457 468 -0.0600086425123202493363862762751 0.423743850832153180997476951731 0.40290397679632395596535285018
458 469 0.384924112949228199899015621229 0.426895894242333480585517404715 0.122820297841254755055012161311
459 470 0.0600086425123202493363862762751 -0.423743850832153180997476951731 0.40290397679632395596535285018
460 471 0.48690453675465372992190368099 0.159907678532610549753273034856 -0.287828089745552155864368471409
461 472 -0.0600086425123202493363862762751 -0.423743850832153180997476951731 -0.40290397679632395596535285018
462 473 -0.0388197378829249810984613305017 0.165007791904297400809356310098 0.562811655328934505718625885036
463 474 0.135915761086601025133108480321 0.225016434416617650145742586373 0.525724274637578711020365011492
464 475 0.165007791904297400809356310098 -0.562811655328934505718625885036 0.0388197378829249810984613305017
465 476 0.287828089745552155864368471409 -0.48690453675465372992190368099 0.159907678532610549753273034856
466 477 -0.287828089745552155864368471409 0.48690453675465372992190368099 0.159907678532610549753273034856
467 478 -0.562811655328934505718625885036 0.0388197378829249810984613305017 0.165007791904297400809356310098
468 479 0.562811655328934505718625885036 -0.0388197378829249810984613305017 0.165007791904297400809356310098
469 480 0.0721928986697535153563706891027 0.353634659499232166964414366573 0.463920484345159212069631955435
470 481 -0.0721928986697535153563706891027 -0.353634659499232166964414366573 0.463920484345159212069631955435
471 482 0.463920484345159212069631955435 0.0721928986697535153563706891027 0.353634659499232166964414366573
472 483 -0.229943986953753122919324442537 0.540365524069598735144061796964 0.0249472658487139943857106065951
473 484 0.0721928986697535153563706891027 -0.353634659499232166964414366573 0.463920484345159212069631955435
474 485 0.463920484345159212069631955435 -0.0721928986697535153563706891027 -0.353634659499232166964414366573
475 486 -0.520695124794027986667651454169 -0.076445039724439523074429841529 0.261771361553907903131633334675
476 487 -0.0721928986697535153563706891027 0.353634659499232166964414366573 0.463920484345159212069631955435
477 488 -0.463920484345159212069631955435 -0.0721928986697535153563706891027 0.353634659499232166964414366573
478 489 0.353634659499232166964414366573 0.463920484345159212069631955435 0.0721928986697535153563706891027
479 490 -0.0318273746001547802123088921384 0.378581925347946161350124973169 0.448502226124274471311280765066
480 491 0.463920484345159212069631955435 -0.0721928986697535153563706891027 0.353634659499232166964414366573
481 492 0.229943986953753122919324442537 -0.540365524069598735144061796964 0.0249472658487139943857106065951
482 493 0.0249472658487139943857106065951 -0.229943986953753122919324442537 0.540365524069598735144061796964
483 494 0.0318273746001547802123088921384 0.378581925347946161350124973169 -0.448502226124274471311280765066
484 495 -0.229943986953753122919324442537 -0.540365524069598735144061796964 0.0249472658487139943857106065951
485 496 0.463920484345159212069631955435 0.0721928986697535153563706891027 -0.353634659499232166964414366573
486 497 -0.448502226124274471311280765066 -0.0318273746001547802123088921384 0.378581925347946161350124973169
487 498 -0.463920484345159212069631955435 0.0721928986697535153563706891027 -0.353634659499232166964414366573
488 499 -0.353634659499232166964414366573 0.463920484345159212069631955435 -0.0721928986697535153563706891027
489 500 0.495747858945313992281940847574 -0.0918632979453242638327810318982 0.30213688562350663827569513164
490 501 0.520695124794027986667651454169 0.076445039724439523074429841529 0.261771361553907903131633334675
491 502 0.261771361553907903131633334675 -0.520695124794027986667651454169 -0.076445039724439523074429841529
492 503 -0.495747858945313992281940847574 -0.0918632979453242638327810318982 -0.30213688562350663827569513164
493 504 -0.520695124794027986667651454169 0.076445039724439523074429841529 0.261771361553907903131633334675
494 505 -0.30213688562350663827569513164 0.495747858945313992281940847574 -0.0918632979453242638327810318982
495 506 0.353634659499232166964414366573 -0.463920484345159212069631955435 -0.0721928986697535153563706891027
496 507 -0.540365524069598735144061796964 -0.0249472658487139943857106065951 -0.229943986953753122919324442537
497 508 -0.463920484345159212069631955435 0.0721928986697535153563706891027 0.353634659499232166964414366573
498 509 -0.353634659499232166964414366573 -0.463920484345159212069631955435 0.0721928986697535153563706891027
499 510 0.261771361553907903131633334675 0.520695124794027986667651454169 0.076445039724439523074429841529
500 511 0.353634659499232166964414366573 -0.463920484345159212069631955435 0.0721928986697535153563706891027
501 512 0.0318273746001547802123088921384 -0.378581925347946161350124973169 0.448502226124274471311280765066
502 513 0.448502226124274471311280765066 -0.0318273746001547802123088921384 0.378581925347946161350124973169
503 514 -0.261771361553907903131633334675 0.520695124794027986667651454169 -0.076445039724439523074429841529
504 515 -0.0318273746001547802123088921384 -0.378581925347946161350124973169 0.448502226124274471311280765066
505 516 0.353634659499232166964414366573 0.463920484345159212069631955435 -0.0721928986697535153563706891027
506 517 -0.076445039724439523074429841529 0.261771361553907903131633334675 0.520695124794027986667651454169
507 518 0.0249472658487139943857106065951 0.229943986953753122919324442537 -0.540365524069598735144061796964
508 519 0.229943986953753122919324442537 0.540365524069598735144061796964 0.0249472658487139943857106065951
509 520 -0.0249472658487139943857106065951 0.229943986953753122919324442537 0.540365524069598735144061796964
510 521 0.540365524069598735144061796964 0.0249472658487139943857106065951 -0.229943986953753122919324442537
511 522 -0.495747858945313992281940847574 0.0918632979453242638327810318982 0.30213688562350663827569513164
512 523 0.0249472658487139943857106065951 0.229943986953753122919324442537 0.540365524069598735144061796964
513 524 -0.0318273746001547802123088921384 -0.378581925347946161350124973169 -0.448502226124274471311280765066
514 525 -0.448502226124274471311280765066 0.0318273746001547802123088921384 0.378581925347946161350124973169
515 526 0.495747858945313992281940847574 0.0918632979453242638327810318982 -0.30213688562350663827569513164
516 527 0.0318273746001547802123088921384 -0.378581925347946161350124973169 -0.448502226124274471311280765066
517 528 0.0249472658487139943857106065951 -0.229943986953753122919324442537 -0.540365524069598735144061796964
518 529 -0.30213688562350663827569513164 -0.495747858945313992281940847574 0.0918632979453242638327810318982
519 530 -0.463920484345159212069631955435 -0.0721928986697535153563706891027 -0.353634659499232166964414366573
520 531 -0.353634659499232166964414366573 0.463920484345159212069631955435 0.0721928986697535153563706891027
521 532 0.540365524069598735144061796964 0.0249472658487139943857106065951 0.229943986953753122919324442537
522 533 0.448502226124274471311280765066 0.0318273746001547802123088921384 0.378581925347946161350124973169
523 534 0.378581925347946161350124973169 -0.448502226124274471311280765066 -0.0318273746001547802123088921384
524 535 -0.540365524069598735144061796964 0.0249472658487139943857106065951 -0.229943986953753122919324442537
525 536 0.076445039724439523074429841529 -0.261771361553907903131633334675 -0.520695124794027986667651454169
526 537 -0.353634659499232166964414366573 -0.463920484345159212069631955435 -0.0721928986697535153563706891027
527 538 0.30213688562350663827569513164 0.495747858945313992281940847574 -0.0918632979453242638327810318982
528 539 0.495747858945313992281940847574 0.0918632979453242638327810318982 0.30213688562350663827569513164
529 540 0.520695124794027986667651454169 -0.076445039724439523074429841529 0.261771361553907903131633334675
530 541 -0.076445039724439523074429841529 0.261771361553907903131633334675 -0.520695124794027986667651454169
531 542 0.261771361553907903131633334675 0.520695124794027986667651454169 -0.076445039724439523074429841529
532 543 -0.30213688562350663827569513164 -0.495747858945313992281940847574 -0.0918632979453242638327810318982
533 544 -0.495747858945313992281940847574 0.0918632979453242638327810318982 -0.30213688562350663827569513164
534 545 0.261771361553907903131633334675 -0.520695124794027986667651454169 0.076445039724439523074429841529
535 546 -0.448502226124274471311280765066 0.0318273746001547802123088921384 -0.378581925347946161350124973169
536 547 0.30213688562350663827569513164 -0.495747858945313992281940847574 -0.0918632979453242638327810318982
537 548 -0.0918632979453242638327810318982 -0.30213688562350663827569513164 0.495747858945313992281940847574
538 549 0.076445039724439523074429841529 0.261771361553907903131633334675 -0.520695124794027986667651454169
539 550 -0.0721928986697535153563706891027 0.353634659499232166964414366573 -0.463920484345159212069631955435
540 551 0.0918632979453242638327810318982 -0.30213688562350663827569513164 0.495747858945313992281940847574
541 552 -0.229943986953753122919324442537 -0.540365524069598735144061796964 -0.0249472658487139943857106065951
542 553 -0.0918632979453242638327810318982 -0.30213688562350663827569513164 -0.495747858945313992281940847574
543 554 0.0721928986697535153563706891027 -0.353634659499232166964414366573 -0.463920484345159212069631955435
544 555 -0.378581925347946161350124973169 -0.448502226124274471311280765066 -0.0318273746001547802123088921384
545 556 -0.261771361553907903131633334675 -0.520695124794027986667651454169 0.076445039724439523074429841529
546 557 0.076445039724439523074429841529 0.261771361553907903131633334675 0.520695124794027986667651454169
547 558 0.229943986953753122919324442537 0.540365524069598735144061796964 -0.0249472658487139943857106065951
548 559 0.0721928986697535153563706891027 0.353634659499232166964414366573 -0.463920484345159212069631955435
549 560 -0.0249472658487139943857106065951 -0.229943986953753122919324442537 0.540365524069598735144061796964
550 561 0.448502226124274471311280765066 0.0318273746001547802123088921384 -0.378581925347946161350124973169
551 562 0.0318273746001547802123088921384 0.378581925347946161350124973169 0.448502226124274471311280765066
552 563 0.378581925347946161350124973169 0.448502226124274471311280765066 -0.0318273746001547802123088921384
553 564 -0.0918632979453242638327810318982 0.30213688562350663827569513164 0.495747858945313992281940847574
554 565 -0.076445039724439523074429841529 -0.261771361553907903131633334675 0.520695124794027986667651454169
555 566 0.0918632979453242638327810318982 0.30213688562350663827569513164 -0.495747858945313992281940847574
556 567 -0.261771361553907903131633334675 -0.520695124794027986667651454169 -0.076445039724439523074429841529
557 568 0.448502226124274471311280765066 -0.0318273746001547802123088921384 -0.378581925347946161350124973169
558 569 -0.495747858945313992281940847574 -0.0918632979453242638327810318982 0.30213688562350663827569513164
559 570 0.378581925347946161350124973169 0.448502226124274471311280765066 0.0318273746001547802123088921384
560 571 0.076445039724439523074429841529 -0.261771361553907903131633334675 0.520695124794027986667651454169
561 572 -0.378581925347946161350124973169 0.448502226124274471311280765066 -0.0318273746001547802123088921384
562 573 -0.0249472658487139943857106065951 -0.229943986953753122919324442537 -0.540365524069598735144061796964
563 574 -0.540365524069598735144061796964 0.0249472658487139943857106065951 0.229943986953753122919324442537
564 575 0.520695124794027986667651454169 -0.076445039724439523074429841529 -0.261771361553907903131633334675
565 576 0.540365524069598735144061796964 -0.0249472658487139943857106065951 0.229943986953753122919324442537
566 577 -0.378581925347946161350124973169 0.448502226124274471311280765066 0.0318273746001547802123088921384
567 578 0.540365524069598735144061796964 -0.0249472658487139943857106065951 -0.229943986953753122919324442537
568 579 0.30213688562350663827569513164 -0.495747858945313992281940847574 0.0918632979453242638327810318982
569 580 -0.448502226124274471311280765066 -0.0318273746001547802123088921384 -0.378581925347946161350124973169
570 581 -0.0318273746001547802123088921384 0.378581925347946161350124973169 -0.448502226124274471311280765066
571 582 0.378581925347946161350124973169 -0.448502226124274471311280765066 0.0318273746001547802123088921384
572 583 -0.520695124794027986667651454169 0.076445039724439523074429841529 -0.261771361553907903131633334675
573 584 -0.30213688562350663827569513164 0.495747858945313992281940847574 0.0918632979453242638327810318982
574 585 0.495747858945313992281940847574 -0.0918632979453242638327810318982 -0.30213688562350663827569513164
575 586 -0.0249472658487139943857106065951 0.229943986953753122919324442537 -0.540365524069598735144061796964
576 587 0.30213688562350663827569513164 0.495747858945313992281940847574 0.0918632979453242638327810318982
577 588 0.0918632979453242638327810318982 -0.30213688562350663827569513164 -0.495747858945313992281940847574
578 589 -0.378581925347946161350124973169 -0.448502226124274471311280765066 0.0318273746001547802123088921384
579 590 -0.0918632979453242638327810318982 0.30213688562350663827569513164 -0.495747858945313992281940847574
580 591 -0.540365524069598735144061796964 -0.0249472658487139943857106065951 0.229943986953753122919324442537
581 592 0.0918632979453242638327810318982 0.30213688562350663827569513164 0.495747858945313992281940847574
582 593 -0.076445039724439523074429841529 -0.261771361553907903131633334675 -0.520695124794027986667651454169
583 594 -0.0721928986697535153563706891027 -0.353634659499232166964414366573 -0.463920484345159212069631955435
584 595 -0.261771361553907903131633334675 0.520695124794027986667651454169 0.076445039724439523074429841529
585 596 -0.229943986953753122919324442537 0.540365524069598735144061796964 -0.0249472658487139943857106065951
586 597 0.229943986953753122919324442537 -0.540365524069598735144061796964 -0.0249472658487139943857106065951
587 598 0.520695124794027986667651454169 0.076445039724439523074429841529 -0.261771361553907903131633334675
588 599 -0.520695124794027986667651454169 -0.076445039724439523074429841529 -0.261771361553907903131633334675
589 600 -0.364084238913398974866891519679 0.0840005599583297739565508308095 -0.453737893187316181695781106828
590 601 0.364084238913398974866891519679 -0.0840005599583297739565508308095 -0.453737893187316181695781106828
591 602 -0.453737893187316181695781106828 -0.364084238913398974866891519679 0.0840005599583297739565508308095
592 603 0.210997147687859608666097469844 -0.27141928325866640335420760644 -0.476763336630938579147966319944
593 604 -0.364084238913398974866891519679 -0.0840005599583297739565508308095 -0.453737893187316181695781106828
594 605 -0.453737893187316181695781106828 0.364084238913398974866891519679 -0.0840005599583297739565508308095
595 606 0.523166185472987332356431340011 -0.182318609928649778341573500388 0.196337896657407819821218616917
596 607 0.364084238913398974866891519679 0.0840005599583297739565508308095 -0.453737893187316181695781106828
597 608 0.453737893187316181695781106828 0.364084238913398974866891519679 0.0840005599583297739565508308095
598 609 0.0840005599583297739565508308095 -0.453737893187316181695781106828 -0.364084238913398974866891519679
599 610 -0.407335044345267428487316086761 -0.392762776672608805191415489135 -0.159081946559588357489539820332
600 611 -0.453737893187316181695781106828 0.364084238913398974866891519679 0.0840005599583297739565508308095
601 612 -0.210997147687859608666097469844 0.27141928325866640335420760644 -0.476763336630938579147966319944
602 613 -0.476763336630938579147966319944 0.210997147687859608666097469844 -0.27141928325866640335420760644
603 614 0.407335044345267428487316086761 -0.392762776672608805191415489135 0.159081946559588357489539820332
604 615 0.210997147687859608666097469844 0.27141928325866640335420760644 -0.476763336630938579147966319944
605 616 -0.453737893187316181695781106828 -0.364084238913398974866891519679 -0.0840005599583297739565508308095
606 617 0.159081946559588357489539820332 -0.407335044345267428487316086761 -0.392762776672608805191415489135
607 618 0.453737893187316181695781106828 -0.364084238913398974866891519679 -0.0840005599583297739565508308095
608 619 -0.0840005599583297739565508308095 -0.453737893187316181695781106828 0.364084238913398974866891519679
609 620 -0.0464028488420487532084650200665 0.112337336699078045864667786108 -0.575081386601258583532988989523
610 621 -0.523166185472987332356431340011 0.182318609928649778341573500388 0.196337896657407819821218616917
611 622 0.196337896657407819821218616917 0.523166185472987332356431340011 -0.182318609928649778341573500388
612 623 0.0464028488420487532084650200665 0.112337336699078045864667786108 0.575081386601258583532988989523
613 624 0.523166185472987332356431340011 0.182318609928649778341573500388 0.196337896657407819821218616917
614 625 0.575081386601258583532988989523 -0.0464028488420487532084650200665 0.112337336699078045864667786108
615 626 0.0840005599583297739565508308095 0.453737893187316181695781106828 0.364084238913398974866891519679
616 627 0.27141928325866640335420760644 0.476763336630938579147966319944 0.210997147687859608666097469844
617 628 0.453737893187316181695781106828 -0.364084238913398974866891519679 0.0840005599583297739565508308095
618 629 -0.0840005599583297739565508308095 0.453737893187316181695781106828 -0.364084238913398974866891519679
619 630 0.196337896657407819821218616917 -0.523166185472987332356431340011 0.182318609928649778341573500388
620 631 0.0840005599583297739565508308095 0.453737893187316181695781106828 -0.364084238913398974866891519679
621 632 0.407335044345267428487316086761 0.392762776672608805191415489135 -0.159081946559588357489539820332
622 633 -0.159081946559588357489539820332 -0.407335044345267428487316086761 -0.392762776672608805191415489135
623 634 -0.196337896657407819821218616917 -0.523166185472987332356431340011 -0.182318609928649778341573500388
624 635 -0.407335044345267428487316086761 0.392762776672608805191415489135 -0.159081946559588357489539820332
625 636 0.0840005599583297739565508308095 -0.453737893187316181695781106828 0.364084238913398974866891519679
626 637 -0.182318609928649778341573500388 0.196337896657407819821218616917 -0.523166185472987332356431340011
627 638 -0.476763336630938579147966319944 -0.210997147687859608666097469844 0.27141928325866640335420760644
628 639 -0.210997147687859608666097469844 -0.27141928325866640335420760644 -0.476763336630938579147966319944
629 640 0.476763336630938579147966319944 -0.210997147687859608666097469844 -0.27141928325866640335420760644
630 641 -0.27141928325866640335420760644 -0.476763336630938579147966319944 0.210997147687859608666097469844
631 642 0.0464028488420487532084650200665 -0.112337336699078045864667786108 -0.575081386601258583532988989523
632 643 -0.476763336630938579147966319944 -0.210997147687859608666097469844 -0.27141928325866640335420760644
633 644 -0.407335044345267428487316086761 0.392762776672608805191415489135 0.159081946559588357489539820332
634 645 0.159081946559588357489539820332 0.407335044345267428487316086761 -0.392762776672608805191415489135
635 646 -0.0464028488420487532084650200665 -0.112337336699078045864667786108 0.575081386601258583532988989523
636 647 0.407335044345267428487316086761 0.392762776672608805191415489135 0.159081946559588357489539820332
637 648 -0.476763336630938579147966319944 0.210997147687859608666097469844 0.27141928325866640335420760644
638 649 0.575081386601258583532988989523 0.0464028488420487532084650200665 -0.112337336699078045864667786108
639 650 0.453737893187316181695781106828 0.364084238913398974866891519679 -0.0840005599583297739565508308095
640 651 -0.0840005599583297739565508308095 -0.453737893187316181695781106828 -0.364084238913398974866891519679
641 652 -0.27141928325866640335420760644 -0.476763336630938579147966319944 -0.210997147687859608666097469844
642 653 -0.159081946559588357489539820332 0.407335044345267428487316086761 -0.392762776672608805191415489135
643 654 -0.392762776672608805191415489135 0.159081946559588357489539820332 -0.407335044345267428487316086761
644 655 0.27141928325866640335420760644 -0.476763336630938579147966319944 0.210997147687859608666097469844
645 656 0.182318609928649778341573500388 -0.196337896657407819821218616917 0.523166185472987332356431340011
646 657 -0.0840005599583297739565508308095 0.453737893187316181695781106828 0.364084238913398974866891519679
647 658 -0.575081386601258583532988989523 -0.0464028488420487532084650200665 0.112337336699078045864667786108
648 659 -0.0464028488420487532084650200665 -0.112337336699078045864667786108 -0.575081386601258583532988989523
649 660 -0.523166185472987332356431340011 -0.182318609928649778341573500388 0.196337896657407819821218616917
650 661 -0.182318609928649778341573500388 0.196337896657407819821218616917 0.523166185472987332356431340011
651 662 0.196337896657407819821218616917 -0.523166185472987332356431340011 -0.182318609928649778341573500388
652 663 0.575081386601258583532988989523 0.0464028488420487532084650200665 0.112337336699078045864667786108
653 664 0.0464028488420487532084650200665 -0.112337336699078045864667786108 0.575081386601258583532988989523
654 665 0.196337896657407819821218616917 0.523166185472987332356431340011 0.182318609928649778341573500388
655 666 0.159081946559588357489539820332 0.407335044345267428487316086761 0.392762776672608805191415489135
656 667 -0.575081386601258583532988989523 0.0464028488420487532084650200665 0.112337336699078045864667786108
657 668 0.112337336699078045864667786108 0.575081386601258583532988989523 -0.0464028488420487532084650200665
658 669 0.182318609928649778341573500388 0.196337896657407819821218616917 0.523166185472987332356431340011
659 670 0.364084238913398974866891519679 0.0840005599583297739565508308095 0.453737893187316181695781106828
660 671 -0.112337336699078045864667786108 0.575081386601258583532988989523 -0.0464028488420487532084650200665
661 672 0.210997147687859608666097469844 0.27141928325866640335420760644 0.476763336630938579147966319944
662 673 0.112337336699078045864667786108 0.575081386601258583532988989523 0.0464028488420487532084650200665
663 674 -0.364084238913398974866891519679 -0.0840005599583297739565508308095 0.453737893187316181695781106828
664 675 0.392762776672608805191415489135 0.159081946559588357489539820332 -0.407335044345267428487316086761
665 676 -0.196337896657407819821218616917 0.523166185472987332356431340011 0.182318609928649778341573500388
666 677 0.182318609928649778341573500388 0.196337896657407819821218616917 -0.523166185472987332356431340011
667 678 -0.210997147687859608666097469844 -0.27141928325866640335420760644 0.476763336630938579147966319944
668 679 -0.364084238913398974866891519679 0.0840005599583297739565508308095 0.453737893187316181695781106828
669 680 0.476763336630938579147966319944 0.210997147687859608666097469844 -0.27141928325866640335420760644
670 681 -0.159081946559588357489539820332 0.407335044345267428487316086761 0.392762776672608805191415489135
671 682 0.407335044345267428487316086761 -0.392762776672608805191415489135 -0.159081946559588357489539820332
672 683 -0.392762776672608805191415489135 -0.159081946559588357489539820332 -0.407335044345267428487316086761
673 684 0.112337336699078045864667786108 -0.575081386601258583532988989523 -0.0464028488420487532084650200665
674 685 -0.182318609928649778341573500388 -0.196337896657407819821218616917 -0.523166185472987332356431340011
675 686 -0.112337336699078045864667786108 -0.575081386601258583532988989523 0.0464028488420487532084650200665
676 687 -0.196337896657407819821218616917 0.523166185472987332356431340011 -0.182318609928649778341573500388
677 688 -0.159081946559588357489539820332 -0.407335044345267428487316086761 0.392762776672608805191415489135
678 689 0.0464028488420487532084650200665 0.112337336699078045864667786108 -0.575081386601258583532988989523
679 690 -0.392762776672608805191415489135 -0.159081946559588357489539820332 0.407335044345267428487316086761
680 691 0.182318609928649778341573500388 -0.196337896657407819821218616917 -0.523166185472987332356431340011
681 692 0.392762776672608805191415489135 -0.159081946559588357489539820332 -0.407335044345267428487316086761
682 693 0.476763336630938579147966319944 0.210997147687859608666097469844 0.27141928325866640335420760644
683 694 0.27141928325866640335420760644 -0.476763336630938579147966319944 -0.210997147687859608666097469844
684 695 -0.523166185472987332356431340011 -0.182318609928649778341573500388 -0.196337896657407819821218616917
685 696 -0.27141928325866640335420760644 0.476763336630938579147966319944 -0.210997147687859608666097469844
686 697 0.392762776672608805191415489135 -0.159081946559588357489539820332 0.407335044345267428487316086761
687 698 -0.27141928325866640335420760644 0.476763336630938579147966319944 0.210997147687859608666097469844
688 699 -0.575081386601258583532988989523 0.0464028488420487532084650200665 -0.112337336699078045864667786108
689 700 0.159081946559588357489539820332 -0.407335044345267428487316086761 0.392762776672608805191415489135
690 701 -0.407335044345267428487316086761 -0.392762776672608805191415489135 0.159081946559588357489539820332
691 702 -0.392762776672608805191415489135 0.159081946559588357489539820332 0.407335044345267428487316086761
692 703 0.523166185472987332356431340011 0.182318609928649778341573500388 -0.196337896657407819821218616917
693 704 0.575081386601258583532988989523 -0.0464028488420487532084650200665 -0.112337336699078045864667786108
694 705 -0.0464028488420487532084650200665 0.112337336699078045864667786108 0.575081386601258583532988989523
695 706 0.476763336630938579147966319944 -0.210997147687859608666097469844 0.27141928325866640335420760644
696 707 -0.575081386601258583532988989523 -0.0464028488420487532084650200665 -0.112337336699078045864667786108
697 708 -0.112337336699078045864667786108 0.575081386601258583532988989523 0.0464028488420487532084650200665
698 709 0.392762776672608805191415489135 0.159081946559588357489539820332 0.407335044345267428487316086761
699 710 0.112337336699078045864667786108 -0.575081386601258583532988989523 0.0464028488420487532084650200665
700 711 0.27141928325866640335420760644 0.476763336630938579147966319944 -0.210997147687859608666097469844
701 712 -0.112337336699078045864667786108 -0.575081386601258583532988989523 -0.0464028488420487532084650200665
702 713 -0.182318609928649778341573500388 -0.196337896657407819821218616917 0.523166185472987332356431340011
703 714 0.364084238913398974866891519679 -0.0840005599583297739565508308095 0.453737893187316181695781106828
704 715 -0.196337896657407819821218616917 -0.523166185472987332356431340011 0.182318609928649778341573500388
705 716 0.210997147687859608666097469844 -0.27141928325866640335420760644 0.476763336630938579147966319944
706 717 -0.210997147687859608666097469844 0.27141928325866640335420760644 0.476763336630938579147966319944
707 718 -0.523166185472987332356431340011 0.182318609928649778341573500388 -0.196337896657407819821218616917
708 719 0.523166185472987332356431340011 -0.182318609928649778341573500388 -0.196337896657407819821218616917
709 720 -0.583447579014429192140295349713 0.0515734401098096927601506353536 0.0491996507098126184680433826857
710 721 0.583447579014429192140295349713 -0.0515734401098096927601506353536 0.0491996507098126184680433826857
711 722 0.0491996507098126184680433826857 -0.583447579014429192140295349713 0.0515734401098096927601506353536
712 723 -0.315590073596454699576737473411 -0.113971602380257653127052660069 -0.48260219861785445691880455441
713 724 -0.583447579014429192140295349713 -0.0515734401098096927601506353536 0.0491996507098126184680433826857
714 725 0.0491996507098126184680433826857 0.583447579014429192140295349713 -0.0515734401098096927601506353536
715 726 0.235983366513354993183413161942 0.163171253090070271595096042755 0.513009254991141544844085483193
716 727 0.583447579014429192140295349713 0.0515734401098096927601506353536 0.0491996507098126184680433826857
717 728 -0.0491996507098126184680433826857 0.583447579014429192140295349713 0.0515734401098096927601506353536
718 729 0.0515734401098096927601506353536 0.0491996507098126184680433826857 -0.583447579014429192140295349713
719 730 -0.197419181394686845267348009782 -0.431028758508044764158653919056 0.34746421250107419895688218777
720 731 0.0491996507098126184680433826857 0.583447579014429192140295349713 0.0515734401098096927601506353536
721 732 0.315590073596454699576737473411 0.113971602380257653127052660069 -0.48260219861785445691880455441
722 733 -0.48260219861785445691880455441 -0.315590073596454699576737473411 -0.113971602380257653127052660069
723 734 0.197419181394686845267348009782 -0.431028758508044764158653919056 -0.34746421250107419895688218777
724 735 -0.315590073596454699576737473411 0.113971602380257653127052660069 -0.48260219861785445691880455441
725 736 0.0491996507098126184680433826857 -0.583447579014429192140295349713 -0.0515734401098096927601506353536
726 737 -0.34746421250107419895688218777 -0.197419181394686845267348009782 -0.431028758508044764158653919056
727 738 -0.0491996507098126184680433826857 -0.583447579014429192140295349713 -0.0515734401098096927601506353536
728 739 -0.0515734401098096927601506353536 0.0491996507098126184680433826857 0.583447579014429192140295349713
729 740 0.246618832104499463735391392467 0.461435814881331852083934847839 -0.267857505417974492563557876301
730 741 -0.235983366513354993183413161942 -0.163171253090070271595096042755 0.513009254991141544844085483193
731 742 0.513009254991141544844085483193 0.235983366513354993183413161942 0.163171253090070271595096042755
732 743 -0.246618832104499463735391392467 0.461435814881331852083934847839 0.267857505417974492563557876301
733 744 0.235983366513354993183413161942 -0.163171253090070271595096042755 0.513009254991141544844085483193
734 745 0.267857505417974492563557876301 0.246618832104499463735391392467 0.461435814881331852083934847839
735 746 0.0515734401098096927601506353536 -0.0491996507098126184680433826857 0.583447579014429192140295349713
736 747 0.113971602380257653127052660069 0.48260219861785445691880455441 -0.315590073596454699576737473411
737 748 -0.0491996507098126184680433826857 -0.583447579014429192140295349713 0.0515734401098096927601506353536
738 749 -0.0515734401098096927601506353536 -0.0491996507098126184680433826857 -0.583447579014429192140295349713
739 750 0.513009254991141544844085483193 -0.235983366513354993183413161942 -0.163171253090070271595096042755
740 751 0.0515734401098096927601506353536 -0.0491996507098126184680433826857 -0.583447579014429192140295349713
741 752 0.197419181394686845267348009782 0.431028758508044764158653919056 0.34746421250107419895688218777
742 753 0.34746421250107419895688218777 -0.197419181394686845267348009782 -0.431028758508044764158653919056
743 754 -0.513009254991141544844085483193 -0.235983366513354993183413161942 0.163171253090070271595096042755
744 755 -0.197419181394686845267348009782 0.431028758508044764158653919056 0.34746421250107419895688218777
745 756 0.0515734401098096927601506353536 0.0491996507098126184680433826857 0.583447579014429192140295349713
746 757 0.163171253090070271595096042755 0.513009254991141544844085483193 -0.235983366513354993183413161942
747 758 -0.48260219861785445691880455441 0.315590073596454699576737473411 0.113971602380257653127052660069
748 759 0.315590073596454699576737473411 -0.113971602380257653127052660069 -0.48260219861785445691880455441
749 760 0.48260219861785445691880455441 0.315590073596454699576737473411 -0.113971602380257653127052660069
750 761 -0.113971602380257653127052660069 -0.48260219861785445691880455441 -0.315590073596454699576737473411
751 762 -0.246618832104499463735391392467 -0.461435814881331852083934847839 -0.267857505417974492563557876301
752 763 -0.48260219861785445691880455441 0.315590073596454699576737473411 -0.113971602380257653127052660069
753 764 -0.197419181394686845267348009782 0.431028758508044764158653919056 -0.34746421250107419895688218777
754 765 -0.34746421250107419895688218777 0.197419181394686845267348009782 -0.431028758508044764158653919056
755 766 0.246618832104499463735391392467 -0.461435814881331852083934847839 0.267857505417974492563557876301
756 767 0.197419181394686845267348009782 0.431028758508044764158653919056 -0.34746421250107419895688218777
757 768 -0.48260219861785445691880455441 -0.315590073596454699576737473411 0.113971602380257653127052660069
758 769 0.267857505417974492563557876301 -0.246618832104499463735391392467 -0.461435814881331852083934847839
759 770 -0.0491996507098126184680433826857 0.583447579014429192140295349713 -0.0515734401098096927601506353536
760 771 -0.0515734401098096927601506353536 0.0491996507098126184680433826857 -0.583447579014429192140295349713
761 772 -0.113971602380257653127052660069 -0.48260219861785445691880455441 0.315590073596454699576737473411
762 773 0.34746421250107419895688218777 0.197419181394686845267348009782 -0.431028758508044764158653919056
763 774 -0.431028758508044764158653919056 -0.34746421250107419895688218777 -0.197419181394686845267348009782
764 775 0.113971602380257653127052660069 -0.48260219861785445691880455441 -0.315590073596454699576737473411
765 776 -0.163171253090070271595096042755 -0.513009254991141544844085483193 0.235983366513354993183413161942
766 777 -0.0515734401098096927601506353536 -0.0491996507098126184680433826857 0.583447579014429192140295349713
767 778 -0.267857505417974492563557876301 0.246618832104499463735391392467 0.461435814881331852083934847839
768 779 0.246618832104499463735391392467 -0.461435814881331852083934847839 -0.267857505417974492563557876301
769 780 -0.235983366513354993183413161942 0.163171253090070271595096042755 0.513009254991141544844085483193
770 781 0.163171253090070271595096042755 0.513009254991141544844085483193 0.235983366513354993183413161942
771 782 0.513009254991141544844085483193 -0.235983366513354993183413161942 0.163171253090070271595096042755
772 783 0.267857505417974492563557876301 -0.246618832104499463735391392467 0.461435814881331852083934847839
773 784 -0.246618832104499463735391392467 -0.461435814881331852083934847839 0.267857505417974492563557876301
774 785 0.513009254991141544844085483193 0.235983366513354993183413161942 -0.163171253090070271595096042755
775 786 -0.34746421250107419895688218777 0.197419181394686845267348009782 0.431028758508044764158653919056
776 787 -0.267857505417974492563557876301 -0.246618832104499463735391392467 0.461435814881331852083934847839
777 788 0.461435814881331852083934847839 0.267857505417974492563557876301 0.246618832104499463735391392467
778 789 -0.163171253090070271595096042755 0.513009254991141544844085483193 0.235983366513354993183413161942
779 790 0.583447579014429192140295349713 0.0515734401098096927601506353536 -0.0491996507098126184680433826857
780 791 -0.461435814881331852083934847839 0.267857505417974492563557876301 0.246618832104499463735391392467
781 792 -0.315590073596454699576737473411 0.113971602380257653127052660069 0.48260219861785445691880455441
782 793 0.461435814881331852083934847839 0.267857505417974492563557876301 -0.246618832104499463735391392467
783 794 -0.583447579014429192140295349713 -0.0515734401098096927601506353536 -0.0491996507098126184680433826857
784 795 0.431028758508044764158653919056 -0.34746421250107419895688218777 -0.197419181394686845267348009782
785 796 -0.513009254991141544844085483193 0.235983366513354993183413161942 -0.163171253090070271595096042755
786 797 -0.163171253090070271595096042755 0.513009254991141544844085483193 -0.235983366513354993183413161942
787 798 0.315590073596454699576737473411 -0.113971602380257653127052660069 0.48260219861785445691880455441
788 799 -0.583447579014429192140295349713 0.0515734401098096927601506353536 -0.0491996507098126184680433826857
789 800 0.48260219861785445691880455441 -0.315590073596454699576737473411 -0.113971602380257653127052660069
790 801 0.34746421250107419895688218777 0.197419181394686845267348009782 0.431028758508044764158653919056
791 802 0.197419181394686845267348009782 -0.431028758508044764158653919056 0.34746421250107419895688218777
792 803 -0.431028758508044764158653919056 0.34746421250107419895688218777 -0.197419181394686845267348009782
793 804 0.461435814881331852083934847839 -0.267857505417974492563557876301 0.246618832104499463735391392467
794 805 0.163171253090070271595096042755 -0.513009254991141544844085483193 -0.235983366513354993183413161942
795 806 -0.461435814881331852083934847839 -0.267857505417974492563557876301 -0.246618832104499463735391392467
796 807 -0.513009254991141544844085483193 0.235983366513354993183413161942 0.163171253090070271595096042755
797 808 0.34746421250107419895688218777 -0.197419181394686845267348009782 0.431028758508044764158653919056
798 809 -0.246618832104499463735391392467 0.461435814881331852083934847839 -0.267857505417974492563557876301
799 810 -0.431028758508044764158653919056 0.34746421250107419895688218777 0.197419181394686845267348009782
800 811 -0.163171253090070271595096042755 -0.513009254991141544844085483193 -0.235983366513354993183413161942
801 812 0.431028758508044764158653919056 0.34746421250107419895688218777 -0.197419181394686845267348009782
802 813 0.48260219861785445691880455441 -0.315590073596454699576737473411 0.113971602380257653127052660069
803 814 0.113971602380257653127052660069 -0.48260219861785445691880455441 0.315590073596454699576737473411
804 815 -0.235983366513354993183413161942 0.163171253090070271595096042755 -0.513009254991141544844085483193
805 816 -0.113971602380257653127052660069 0.48260219861785445691880455441 0.315590073596454699576737473411
806 817 0.431028758508044764158653919056 0.34746421250107419895688218777 0.197419181394686845267348009782
807 818 -0.113971602380257653127052660069 0.48260219861785445691880455441 -0.315590073596454699576737473411
808 819 -0.267857505417974492563557876301 -0.246618832104499463735391392467 -0.461435814881331852083934847839
809 820 -0.34746421250107419895688218777 -0.197419181394686845267348009782 0.431028758508044764158653919056
810 821 -0.197419181394686845267348009782 -0.431028758508044764158653919056 -0.34746421250107419895688218777
811 822 -0.431028758508044764158653919056 -0.34746421250107419895688218777 0.197419181394686845267348009782
812 823 0.235983366513354993183413161942 -0.163171253090070271595096042755 -0.513009254991141544844085483193
813 824 0.267857505417974492563557876301 0.246618832104499463735391392467 -0.461435814881331852083934847839
814 825 0.246618832104499463735391392467 0.461435814881331852083934847839 0.267857505417974492563557876301
815 826 0.48260219861785445691880455441 0.315590073596454699576737473411 0.113971602380257653127052660069
816 827 -0.267857505417974492563557876301 0.246618832104499463735391392467 -0.461435814881331852083934847839
817 828 -0.461435814881331852083934847839 0.267857505417974492563557876301 -0.246618832104499463735391392467
818 829 0.431028758508044764158653919056 -0.34746421250107419895688218777 0.197419181394686845267348009782
819 830 0.461435814881331852083934847839 -0.267857505417974492563557876301 -0.246618832104499463735391392467
820 831 0.113971602380257653127052660069 0.48260219861785445691880455441 0.315590073596454699576737473411
821 832 -0.461435814881331852083934847839 -0.267857505417974492563557876301 0.246618832104499463735391392467
822 833 0.163171253090070271595096042755 -0.513009254991141544844085483193 0.235983366513354993183413161942
823 834 0.583447579014429192140295349713 -0.0515734401098096927601506353536 -0.0491996507098126184680433826857
824 835 -0.513009254991141544844085483193 -0.235983366513354993183413161942 -0.163171253090070271595096042755
825 836 -0.315590073596454699576737473411 -0.113971602380257653127052660069 0.48260219861785445691880455441
826 837 0.315590073596454699576737473411 0.113971602380257653127052660069 0.48260219861785445691880455441
827 838 -0.235983366513354993183413161942 -0.163171253090070271595096042755 -0.513009254991141544844085483193
828 839 0.235983366513354993183413161942 0.163171253090070271595096042755 -0.513009254991141544844085483193
829 840 -0.437601837729552039633097975285 -0.0385641851186681479160651521605 0.390523927633606321540833592609
830 841 0.437601837729552039633097975285 0.0385641851186681479160651521605 0.390523927633606321540833592609
831 842 0.390523927633606321540833592609 -0.437601837729552039633097975285 -0.0385641851186681479160651521605
832 843 -0.546658401606305586390861198408 0.0288364780534395424938516514357 -0.21406670058474508437315356589
833 844 -0.437601837729552039633097975285 0.0385641851186681479160651521605 0.390523927633606321540833592609
834 845 0.390523927633606321540833592609 0.437601837729552039633097975285 0.0385641851186681479160651521605
835 846 -0.0852225867249737343069263505683 0.361687449580166779046981941173 0.455423761282418083530107522257
836 847 0.437601837729552039633097975285 -0.0385641851186681479160651521605 0.390523927633606321540833592609
837 848 -0.390523927633606321540833592609 0.437601837729552039633097975285 -0.0385641851186681479160651521605
838 849 -0.0385641851186681479160651521605 0.390523927633606321540833592609 -0.437601837729552039633097975285
839 850 0.0912346403238875028607536761511 -0.25263088570341323228921871805 0.522824424454525773940024325853
840 851 0.390523927633606321540833592609 0.437601837729552039633097975285 -0.0385641851186681479160651521605
841 852 0.546658401606305586390861198408 -0.0288364780534395424938516514357 -0.21406670058474508437315356589
842 853 -0.21406670058474508437315356589 -0.546658401606305586390861198408 0.0288364780534395424938516514357
843 854 -0.0912346403238875028607536761511 -0.25263088570341323228921871805 -0.522824424454525773940024325853
844 855 -0.546658401606305586390861198408 -0.0288364780534395424938516514357 -0.21406670058474508437315356589
845 856 0.390523927633606321540833592609 -0.437601837729552039633097975285 0.0385641851186681479160651521605
846 857 -0.522824424454525773940024325853 0.0912346403238875028607536761511 -0.25263088570341323228921871805
847 858 -0.390523927633606321540833592609 -0.437601837729552039633097975285 0.0385641851186681479160651521605
848 859 0.0385641851186681479160651521605 0.390523927633606321540833592609 0.437601837729552039633097975285
849 860 0.299289287309718818680079916458 0.493987946401086231446172674417 0.109056563876753546757763223123
850 861 0.0852225867249737343069263505683 -0.361687449580166779046981941173 0.455423761282418083530107522257
851 862 0.455423761282418083530107522257 -0.0852225867249737343069263505683 0.361687449580166779046981941173
852 863 -0.299289287309718818680079916458 0.493987946401086231446172674417 -0.109056563876753546757763223123
853 864 -0.0852225867249737343069263505683 -0.361687449580166779046981941173 0.455423761282418083530107522257
854 865 -0.109056563876753546757763223123 0.299289287309718818680079916458 0.493987946401086231446172674417
855 866 -0.0385641851186681479160651521605 -0.390523927633606321540833592609 0.437601837729552039633097975285
856 867 -0.0288364780534395424938516514357 0.21406670058474508437315356589 -0.546658401606305586390861198408
857 868 -0.390523927633606321540833592609 -0.437601837729552039633097975285 -0.0385641851186681479160651521605
858 869 0.0385641851186681479160651521605 -0.390523927633606321540833592609 -0.437601837729552039633097975285
859 870 0.455423761282418083530107522257 0.0852225867249737343069263505683 -0.361687449580166779046981941173
860 871 -0.0385641851186681479160651521605 -0.390523927633606321540833592609 -0.437601837729552039633097975285
861 872 -0.0912346403238875028607536761511 0.25263088570341323228921871805 0.522824424454525773940024325853
862 873 0.522824424454525773940024325853 0.0912346403238875028607536761511 -0.25263088570341323228921871805
863 874 -0.455423761282418083530107522257 0.0852225867249737343069263505683 0.361687449580166779046981941173
864 875 0.0912346403238875028607536761511 0.25263088570341323228921871805 0.522824424454525773940024325853
865 876 -0.0385641851186681479160651521605 0.390523927633606321540833592609 0.437601837729552039633097975285
866 877 0.361687449580166779046981941173 0.455423761282418083530107522257 0.0852225867249737343069263505683
867 878 -0.21406670058474508437315356589 0.546658401606305586390861198408 -0.0288364780534395424938516514357
868 879 0.546658401606305586390861198408 0.0288364780534395424938516514357 -0.21406670058474508437315356589
869 880 0.21406670058474508437315356589 0.546658401606305586390861198408 0.0288364780534395424938516514357
870 881 0.0288364780534395424938516514357 -0.21406670058474508437315356589 -0.546658401606305586390861198408
871 882 -0.299289287309718818680079916458 -0.493987946401086231446172674417 0.109056563876753546757763223123
872 883 -0.21406670058474508437315356589 0.546658401606305586390861198408 0.0288364780534395424938516514357
873 884 0.0912346403238875028607536761511 0.25263088570341323228921871805 -0.522824424454525773940024325853
874 885 -0.522824424454525773940024325853 -0.0912346403238875028607536761511 -0.25263088570341323228921871805
875 886 0.299289287309718818680079916458 -0.493987946401086231446172674417 -0.109056563876753546757763223123
876 887 -0.0912346403238875028607536761511 0.25263088570341323228921871805 -0.522824424454525773940024325853
877 888 -0.21406670058474508437315356589 -0.546658401606305586390861198408 -0.0288364780534395424938516514357
878 889 -0.109056563876753546757763223123 -0.299289287309718818680079916458 -0.493987946401086231446172674417
879 890 -0.390523927633606321540833592609 0.437601837729552039633097975285 0.0385641851186681479160651521605
880 891 0.0385641851186681479160651521605 0.390523927633606321540833592609 -0.437601837729552039633097975285
881 892 0.0288364780534395424938516514357 -0.21406670058474508437315356589 0.546658401606305586390861198408
882 893 0.522824424454525773940024325853 -0.0912346403238875028607536761511 -0.25263088570341323228921871805
883 894 -0.25263088570341323228921871805 -0.522824424454525773940024325853 0.0912346403238875028607536761511
884 895 -0.0288364780534395424938516514357 -0.21406670058474508437315356589 -0.546658401606305586390861198408
885 896 -0.361687449580166779046981941173 -0.455423761282418083530107522257 -0.0852225867249737343069263505683
886 897 0.0385641851186681479160651521605 -0.390523927633606321540833592609 0.437601837729552039633097975285
887 898 0.109056563876753546757763223123 0.299289287309718818680079916458 0.493987946401086231446172674417
888 899 0.299289287309718818680079916458 -0.493987946401086231446172674417 0.109056563876753546757763223123
889 900 0.0852225867249737343069263505683 0.361687449580166779046981941173 0.455423761282418083530107522257
890 901 0.361687449580166779046981941173 0.455423761282418083530107522257 -0.0852225867249737343069263505683
891 902 0.455423761282418083530107522257 0.0852225867249737343069263505683 0.361687449580166779046981941173
892 903 -0.109056563876753546757763223123 -0.299289287309718818680079916458 0.493987946401086231446172674417
893 904 -0.299289287309718818680079916458 -0.493987946401086231446172674417 -0.109056563876753546757763223123
894 905 0.455423761282418083530107522257 -0.0852225867249737343069263505683 -0.361687449580166779046981941173
895 906 -0.522824424454525773940024325853 -0.0912346403238875028607536761511 0.25263088570341323228921871805
896 907 0.109056563876753546757763223123 -0.299289287309718818680079916458 0.493987946401086231446172674417
897 908 0.493987946401086231446172674417 -0.109056563876753546757763223123 0.299289287309718818680079916458
898 909 -0.361687449580166779046981941173 0.455423761282418083530107522257 -0.0852225867249737343069263505683
899 910 0.437601837729552039633097975285 -0.0385641851186681479160651521605 -0.390523927633606321540833592609
900 911 -0.493987946401086231446172674417 -0.109056563876753546757763223123 0.299289287309718818680079916458
901 912 -0.546658401606305586390861198408 -0.0288364780534395424938516514357 0.21406670058474508437315356589
902 913 0.493987946401086231446172674417 -0.109056563876753546757763223123 -0.299289287309718818680079916458
903 914 -0.437601837729552039633097975285 0.0385641851186681479160651521605 -0.390523927633606321540833592609
904 915 0.25263088570341323228921871805 -0.522824424454525773940024325853 0.0912346403238875028607536761511
905 916 -0.455423761282418083530107522257 -0.0852225867249737343069263505683 -0.361687449580166779046981941173
906 917 -0.361687449580166779046981941173 0.455423761282418083530107522257 0.0852225867249737343069263505683
907 918 0.546658401606305586390861198408 0.0288364780534395424938516514357 0.21406670058474508437315356589
908 919 -0.437601837729552039633097975285 -0.0385641851186681479160651521605 -0.390523927633606321540833592609
909 920 0.21406670058474508437315356589 -0.546658401606305586390861198408 0.0288364780534395424938516514357
910 921 0.522824424454525773940024325853 -0.0912346403238875028607536761511 0.25263088570341323228921871805
911 922 -0.0912346403238875028607536761511 -0.25263088570341323228921871805 0.522824424454525773940024325853
912 923 -0.25263088570341323228921871805 0.522824424454525773940024325853 0.0912346403238875028607536761511
913 924 0.493987946401086231446172674417 0.109056563876753546757763223123 0.299289287309718818680079916458
914 925 0.361687449580166779046981941173 -0.455423761282418083530107522257 0.0852225867249737343069263505683
915 926 -0.493987946401086231446172674417 0.109056563876753546757763223123 -0.299289287309718818680079916458
916 927 -0.455423761282418083530107522257 -0.0852225867249737343069263505683 0.361687449580166779046981941173
917 928 0.522824424454525773940024325853 0.0912346403238875028607536761511 0.25263088570341323228921871805
918 929 -0.299289287309718818680079916458 0.493987946401086231446172674417 0.109056563876753546757763223123
919 930 -0.25263088570341323228921871805 0.522824424454525773940024325853 -0.0912346403238875028607536761511
920 931 -0.361687449580166779046981941173 -0.455423761282418083530107522257 0.0852225867249737343069263505683
921 932 0.25263088570341323228921871805 0.522824424454525773940024325853 0.0912346403238875028607536761511
922 933 0.21406670058474508437315356589 -0.546658401606305586390861198408 -0.0288364780534395424938516514357
923 934 -0.0288364780534395424938516514357 -0.21406670058474508437315356589 0.546658401606305586390861198408
924 935 0.0852225867249737343069263505683 0.361687449580166779046981941173 -0.455423761282418083530107522257
925 936 0.0288364780534395424938516514357 0.21406670058474508437315356589 0.546658401606305586390861198408
926 937 0.25263088570341323228921871805 0.522824424454525773940024325853 -0.0912346403238875028607536761511
927 938 0.0288364780534395424938516514357 0.21406670058474508437315356589 -0.546658401606305586390861198408
928 939 0.109056563876753546757763223123 -0.299289287309718818680079916458 -0.493987946401086231446172674417
929 940 -0.522824424454525773940024325853 0.0912346403238875028607536761511 0.25263088570341323228921871805
930 941 0.0912346403238875028607536761511 -0.25263088570341323228921871805 -0.522824424454525773940024325853
931 942 -0.25263088570341323228921871805 -0.522824424454525773940024325853 -0.0912346403238875028607536761511
932 943 -0.0852225867249737343069263505683 -0.361687449580166779046981941173 -0.455423761282418083530107522257
933 944 -0.109056563876753546757763223123 0.299289287309718818680079916458 -0.493987946401086231446172674417
934 945 0.299289287309718818680079916458 0.493987946401086231446172674417 -0.109056563876753546757763223123
935 946 0.21406670058474508437315356589 0.546658401606305586390861198408 -0.0288364780534395424938516514357
936 947 0.109056563876753546757763223123 0.299289287309718818680079916458 -0.493987946401086231446172674417
937 948 -0.493987946401086231446172674417 -0.109056563876753546757763223123 -0.299289287309718818680079916458
938 949 0.25263088570341323228921871805 -0.522824424454525773940024325853 -0.0912346403238875028607536761511
939 950 0.493987946401086231446172674417 0.109056563876753546757763223123 -0.299289287309718818680079916458
940 951 -0.0288364780534395424938516514357 0.21406670058474508437315356589 0.546658401606305586390861198408
941 952 -0.493987946401086231446172674417 0.109056563876753546757763223123 0.299289287309718818680079916458
942 953 0.361687449580166779046981941173 -0.455423761282418083530107522257 -0.0852225867249737343069263505683
943 954 0.437601837729552039633097975285 0.0385641851186681479160651521605 -0.390523927633606321540833592609
944 955 -0.455423761282418083530107522257 0.0852225867249737343069263505683 -0.361687449580166779046981941173
945 956 -0.546658401606305586390861198408 0.0288364780534395424938516514357 0.21406670058474508437315356589
946 957 0.546658401606305586390861198408 -0.0288364780534395424938516514357 0.21406670058474508437315356589
947 958 0.0852225867249737343069263505683 -0.361687449580166779046981941173 -0.455423761282418083530107522257
948 959 -0.0852225867249737343069263505683 0.361687449580166779046981941173 -0.455423761282418083530107522257
949 960 0.309016994374947424102293417183 0.5 0.0
950 961 -0.309016994374947424102293417183 -0.5 0.0
951 962 0.0 0.309016994374947424102293417183 0.5
952 963 0.309016994374947424102293417183 -0.5 0.0
953 964 0.0 -0.309016994374947424102293417183 -0.5
954 965 -0.309016994374947424102293417183 0.5 0.0
955 966 0.0 -0.309016994374947424102293417183 0.5
956 967 0.5 0.0 0.309016994374947424102293417183
957 968 0.0 0.309016994374947424102293417183 -0.5
958 969 -0.5 0.0 -0.309016994374947424102293417183
959 970 0.5 0.0 -0.309016994374947424102293417183
960 971 -0.5 4.85091810239076226881236850196e-63 0.309016994374947424102293417183
