# G972: index x y z (60 significant digits); radius cos(3*pi/10)
0 0.462460540399789090275175959212758293027311295929526930297604 -0.328038302965002737500206225958731847930806069704734439060459 -0.154960069609891460058823614934633026239238279631975535753077
1 -0.462460540399789090275175959212758293027311295929526930297604 0.328038302965002737500206225958731847930806069704734439060459 -0.154960069609891460058823614934633026239238279631975535753077
2 -0.154960069609891460058823614934633026239238279631975535753077 0.462460540399789090275175959212758293027311295929526930297604 -0.328038302965002737500206225958731847930806069704734439060459
3 0.255226189541718015911889106771301952477450954484827458132699 -0.199960430498193877344530194059646635835206768492012619149665 0.490272292934771394577786499275174578884697922289396827828776
4 0.462460540399789090275175959212758293027311295929526930297604 0.328038302965002737500206225958731847930806069704734439060459 -0.154960069609891460058823614934633026239238279631975535753077
5 -0.154960069609891460058823614934633026239238279631975535753077 -0.462460540399789090275175959212758293027311295929526930297604 0.328038302965002737500206225958731847930806069704734439060459
6 -0.00449553001386397466788625267816509486380945984464380768969569 0.0450003608883024172857065791250136095959684888600370833965887 -0.586042882852733975762965738433678410259101137297604942518702
7 -0.462460540399789090275175959212758293027311295929526930297604 -0.328038302965002737500206225958731847930806069704734439060459 -0.154960069609891460058823614934633026239238279631975535753077
8 0.154960069609891460058823614934633026239238279631975535753077 -0.462460540399789090275175959212758293027311295929526930297604 -0.328038302965002737500206225958731847930806069704734439060459
9 -0.328038302965002737500206225958731847930806069704734439060459 -0.154960069609891460058823614934633026239238279631975535753077 0.462460540399789090275175959212758293027311295929526930297604
10 0.330816693311015959851076631662376457781650182812777484386004 0.162233989969768657077580273316442730953891852584662388768317 -0.457965010385925115607289706534593198163501836084883122607909
11 -0.154960069609891460058823614934633026239238279631975535753077 -0.462460540399789090275175959212758293027311295929526930297604 -0.328038302965002737500206225958731847930806069704734439060459
12 -0.255226189541718015911889106771301952477450954484827458132699 0.199960430498193877344530194059646635835206768492012619149665 0.490272292934771394577786499275174578884697922289396827828776
13 0.490272292934771394577786499275174578884697922289396827828776 0.255226189541718015911889106771301952477450954484827458132699 -0.199960430498193877344530194059646635835206768492012619149665
14 -0.330816693311015959851076631662376457781650182812777484386004 0.162233989969768657077580273316442730953891852584662388768317 0.457965010385925115607289706534593198163501836084883122607909
15 0.255226189541718015911889106771301952477450954484827458132699 0.199960430498193877344530194059646635835206768492012619149665 0.490272292934771394577786499275174578884697922289396827828776
16 -0.154960069609891460058823614934633026239238279631975535753077 0.462460540399789090275175959212758293027311295929526930297604 0.328038302965002737500206225958731847930806069704734439060459
17 0.457965010385925115607289706534593198163501836084883122607909 0.330816693311015959851076631662376457781650182812777484386004 0.162233989969768657077580273316442730953891852584662388768317
18 0.154960069609891460058823614934633026239238279631975535753077 0.462460540399789090275175959212758293027311295929526930297604 0.328038302965002737500206225958731847930806069704734439060459
19 0.328038302965002737500206225958731847930806069704734439060459 -0.154960069609891460058823614934633026239238279631975535753077 -0.462460540399789090275175959212758293027311295929526930297604
20 -0.48577676292090741990990024659700948402088846244475302013908 -0.258004579887731238262759512474946562328295067592870503458243 0.207234350858071074363286852441456340549860341444699472164906
21 0.00449553001386397466788625267816509486380945984464380768969569 -0.0450003608883024172857065791250136095959684888600370833965887 -0.586042882852733975762965738433678410259101137297604942518702
22 -0.586042882852733975762965738433678410259101137297604942518702 -0.00449553001386397466788625267816509486380945984464380768969569 0.0450003608883024172857065791250136095959684888600370833965887
23 0.48577676292090741990990024659700948402088846244475302013908 -0.258004579887731238262759512474946562328295067592870503458243 -0.207234350858071074363286852441456340549860341444699472164906
24 -0.00449553001386397466788625267816509486380945984464380768969569 -0.0450003608883024172857065791250136095959684888600370833965887 -0.586042882852733975762965738433678410259101137297604942518702
25 -0.207234350858071074363286852441456340549860341444699472164906 -0.48577676292090741990990024659700948402088846244475302013908 -0.258004579887731238262759512474946562328295067592870503458243
26 -0.328038302965002737500206225958731847930806069704734439060459 0.154960069609891460058823614934633026239238279631975535753077 -0.462460540399789090275175959212758293027311295929526930297604
27 0.199960430498193877344530194059646635835206768492012619149665 -0.490272292934771394577786499275174578884697922289396827828776 0.255226189541718015911889106771301952477450954484827458132699
28 0.154960069609891460058823614934633026239238279631975535753077 0.462460540399789090275175959212758293027311295929526930297604 -0.328038302965002737500206225958731847930806069704734439060459
29 0.328038302965002737500206225958731847930806069704734439060459 0.154960069609891460058823614934633026239238279631975535753077 0.462460540399789090275175959212758293027311295929526930297604
30 -0.586042882852733975762965738433678410259101137297604942518702 0.00449553001386397466788625267816509486380945984464380768969569 -0.0450003608883024172857065791250136095959684888600370833965887
31 -0.328038302965002737500206225958731847930806069704734439060459 0.154960069609891460058823614934633026239238279631975535753077 0.462460540399789090275175959212758293027311295929526930297604
32 -0.330816693311015959851076631662376457781650182812777484386004 -0.162233989969768657077580273316442730953891852584662388768317 -0.457965010385925115607289706534593198163501836084883122607909
33 -0.457965010385925115607289706534593198163501836084883122607909 0.330816693311015959851076631662376457781650182812777484386004 0.162233989969768657077580273316442730953891852584662388768317
34 0.586042882852733975762965738433678410259101137297604942518702 0.00449553001386397466788625267816509486380945984464380768969568 0.0450003608883024172857065791250136095959684888600370833965887
35 0.330816693311015959851076631662376457781650182812777484386004 -0.162233989969768657077580273316442730953891852584662388768317 -0.457965010385925115607289706534593198163501836084883122607909
36 -0.328038302965002737500206225958731847930806069704734439060459 -0.154960069609891460058823614934633026239238279631975535753077 -0.462460540399789090275175959212758293027311295929526930297604
37 0.0450003608883024172857065791250136095959684888600370833965887 -0.586042882852733975762965738433678410259101137297604942518702 0.00449553001386397466788625267816509486380945984464380768969569
38 0.490272292934771394577786499275174578884697922289396827828776 -0.255226189541718015911889106771301952477450954484827458132699 0.199960430498193877344530194059646635835206768492012619149665
39 -0.255226189541718015911889106771301952477450954484827458132699 -0.199960430498193877344530194059646635835206768492012619149665 0.490272292934771394577786499275174578884697922289396827828776
40 -0.490272292934771394577786499275174578884697922289396827828776 -0.255226189541718015911889106771301952477450954484827458132699 -0.199960430498193877344530194059646635835206768492012619149665
41 -0.199960430498193877344530194059646635835206768492012619149665 0.490272292934771394577786499275174578884697922289396827828776 0.255226189541718015911889106771301952477450954484827458132699
42 0.48577676292090741990990024659700948402088846244475302013908 0.258004579887731238262759512474946562328295067592870503458243 0.207234350858071074363286852441456340549860341444699472164906
43 0.490272292934771394577786499275174578884697922289396827828776 -0.255226189541718015911889106771301952477450954484827458132699 -0.199960430498193877344530194059646635835206768492012619149665
44 0.330816693311015959851076631662376457781650182812777484386004 -0.162233989969768657077580273316442730953891852584662388768317 0.457965010385925115607289706534593198163501836084883122607909
45 0.457965010385925115607289706534593198163501836084883122607909 -0.330816693311015959851076631662376457781650182812777484386004 0.162233989969768657077580273316442730953891852584662388768317
46 -0.48577676292090741990990024659700948402088846244475302013908 0.258004579887731238262759512474946562328295067592870503458243 -0.207234350858071074363286852441456340549860341444699472164906
47 -0.330816693311015959851076631662376457781650182812777484386004 -0.162233989969768657077580273316442730953891852584662388768317 0.457965010385925115607289706534593198163501836084883122607909
48 0.490272292934771394577786499275174578884697922289396827828776 0.255226189541718015911889106771301952477450954484827458132699 0.199960430498193877344530194059646635835206768492012619149665
49 -0.207234350858071074363286852441456340549860341444699472164906 0.48577676292090741990990024659700948402088846244475302013908 0.258004579887731238262759512474946562328295067592870503458243
50 0.154960069609891460058823614934633026239238279631975535753077 -0.462460540399789090275175959212758293027311295929526930297604 0.328038302965002737500206225958731847930806069704734439060459
51 0.328038302965002737500206225958731847930806069704734439060459 -0.154960069609891460058823614934633026239238279631975535753077 0.462460540399789090275175959212758293027311295929526930297604
52 -0.199960430498193877344530194059646635835206768492012619149665 0.490272292934771394577786499275174578884697922289396827828776 -0.255226189541718015911889106771301952477450954484827458132699
53 -0.457965010385925115607289706534593198163501836084883122607909 -0.330816693311015959851076631662376457781650182812777484386004 0.162233989969768657077580273316442730953891852584662388768317
54 0.162233989969768657077580273316442730953891852584662388768317 0.457965010385925115607289706534593198163501836084883122607909 0.330816693311015959851076631662376457781650182812777484386004
55 0.199960430498193877344530194059646635835206768492012619149665 0.490272292934771394577786499275174578884697922289396827828776 0.255226189541718015911889106771301952477450954484827458132699
56 -0.0450003608883024172857065791250136095959684888600370833965887 0.586042882852733975762965738433678410259101137297604942518702 -0.00449553001386397466788625267816509486380945984464380768969569
57 0.328038302965002737500206225958731847930806069704734439060459 0.154960069609891460058823614934633026239238279631975535753077 -0.462460540399789090275175959212758293027311295929526930297604
58 0.207234350858071074363286852441456340549860341444699472164906 -0.48577676292090741990990024659700948402088846244475302013908 -0.258004579887731238262759512474946562328295067592870503458243
59 -0.48577676292090741990990024659700948402088846244475302013908 0.258004579887731238262759512474946562328295067592870503458243 0.207234350858071074363286852441456340549860341444699472164906
60 0.00449553001386397466788625267816509486380945984464380768969569 0.0450003608883024172857065791250136095959684888600370833965887 -0.586042882852733975762965738433678410259101137297604942518702
61 0.0450003608883024172857065791250136095959684888600370833965887 -0.586042882852733975762965738433678410259101137297604942518702 -0.00449553001386397466788625267816509486380945984464380768969569
62 -0.586042882852733975762965738433678410259101137297604942518702 0.00449553001386397466788625267816509486380945984464380768969569 0.0450003608883024172857065791250136095959684888600370833965887
63 -0.207234350858071074363286852441456340549860341444699472164906 0.48577676292090741990990024659700948402088846244475302013908 -0.258004579887731238262759512474946562328295067592870503458243
64 0.48577676292090741990990024659700948402088846244475302013908 0.258004579887731238262759512474946562328295067592870503458243 -0.207234350858071074363286852441456340549860341444699472164906
65 -0.586042882852733975762965738433678410259101137297604942518702 -0.00449553001386397466788625267816509486380945984464380768969569 -0.0450003608883024172857065791250136095959684888600370833965887
66 0.457965010385925115607289706534593198163501836084883122607909 -0.330816693311015959851076631662376457781650182812777484386004 -0.162233989969768657077580273316442730953891852584662388768317
67 0.207234350858071074363286852441456340549860341444699472164906 0.48577676292090741990990024659700948402088846244475302013908 -0.258004579887731238262759512474946562328295067592870503458243
68 -0.258004579887731238262759512474946562328295067592870503458243 -0.207234350858071074363286852441456340549860341444699472164906 -0.48577676292090741990990024659700948402088846244475302013908
69 -0.0450003608883024172857065791250136095959684888600370833965887 -0.586042882852733975762965738433678410259101137297604942518702 -0.00449553001386397466788625267816509486380945984464380768969568
70 -0.462460540399789090275175959212758293027311295929526930297604 -0.328038302965002737500206225958731847930806069704734439060459 0.154960069609891460058823614934633026239238279631975535753077
71 0.258004579887731238262759512474946562328295067592870503458243 -0.207234350858071074363286852441456340549860341444699472164906 -0.48577676292090741990990024659700948402088846244475302013908
72 0.255226189541718015911889106771301952477450954484827458132699 0.199960430498193877344530194059646635835206768492012619149665 -0.490272292934771394577786499275174578884697922289396827828776
73 -0.258004579887731238262759512474946562328295067592870503458243 -0.207234350858071074363286852441456340549860341444699472164906 0.48577676292090741990990024659700948402088846244475302013908
74 0.462460540399789090275175959212758293027311295929526930297604 0.328038302965002737500206225958731847930806069704734439060459 0.154960069609891460058823614934633026239238279631975535753077
75 -0.162233989969768657077580273316442730953891852584662388768317 0.457965010385925115607289706534593198163501836084883122607909 0.330816693311015959851076631662376457781650182812777484386004
76 0.586042882852733975762965738433678410259101137297604942518702 -0.00449553001386397466788625267816509486380945984464380768969569 -0.0450003608883024172857065791250136095959684888600370833965887
77 -0.0450003608883024172857065791250136095959684888600370833965887 -0.586042882852733975762965738433678410259101137297604942518702 0.00449553001386397466788625267816509486380945984464380768969569
78 -0.255226189541718015911889106771301952477450954484827458132699 -0.199960430498193877344530194059646635835206768492012619149665 -0.490272292934771394577786499275174578884697922289396827828776
79 0.462460540399789090275175959212758293027311295929526930297604 -0.328038302965002737500206225958731847930806069704734439060459 0.154960069609891460058823614934633026239238279631975535753077
80 -0.490272292934771394577786499275174578884697922289396827828776 0.255226189541718015911889106771301952477450954484827458132699 -0.199960430498193877344530194059646635835206768492012619149665
81 -0.457965010385925115607289706534593198163501836084883122607909 -0.330816693311015959851076631662376457781650182812777484386004 -0.162233989969768657077580273316442730953891852584662388768317
82 -0.330816693311015959851076631662376457781650182812777484386004 0.162233989969768657077580273316442730953891852584662388768317 -0.457965010385925115607289706534593198163501836084883122607909
83 0.162233989969768657077580273316442730953891852584662388768317 -0.457965010385925115607289706534593198163501836084883122607909 0.330816693311015959851076631662376457781650182812777484386004
84 -0.258004579887731238262759512474946562328295067592870503458243 0.207234350858071074363286852441456340549860341444699472164906 -0.48577676292090741990990024659700948402088846244475302013908
85 0.0450003608883024172857065791250136095959684888600370833965887 0.586042882852733975762965738433678410259101137297604942518702 0.00449553001386397466788625267816509486380945984464380768969568
86 0.258004579887731238262759512474946562328295067592870503458243 0.207234350858071074363286852441456340549860341444699472164906 0.48577676292090741990990024659700948402088846244475302013908
87 0.586042882852733975762965738433678410259101137297604942518702 -0.00449553001386397466788625267816509486380945984464380768969568 0.0450003608883024172857065791250136095959684888600370833965887
88 -0.457965010385925115607289706534593198163501836084883122607909 0.330816693311015959851076631662376457781650182812777484386004 -0.162233989969768657077580273316442730953891852584662388768317
89 0.48577676292090741990990024659700948402088846244475302013908 -0.258004579887731238262759512474946562328295067592870503458243 0.207234350858071074363286852441456340549860341444699472164906
90 0.162233989969768657077580273316442730953891852584662388768317 -0.457965010385925115607289706534593198163501836084883122607909 -0.330816693311015959851076631662376457781650182812777484386004
91 -0.0450003608883024172857065791250136095959684888600370833965887 0.586042882852733975762965738433678410259101137297604942518702 0.00449553001386397466788625267816509486380945984464380768969569
92 -0.162233989969768657077580273316442730953891852584662388768317 -0.457965010385925115607289706534593198163501836084883122607909 0.330816693311015959851076631662376457781650182812777484386004
93 -0.490272292934771394577786499275174578884697922289396827828776 0.255226189541718015911889106771301952477450954484827458132699 0.199960430498193877344530194059646635835206768492012619149665
94 0.199960430498193877344530194059646635835206768492012619149665 0.490272292934771394577786499275174578884697922289396827828776 -0.255226189541718015911889106771301952477450954484827458132699
95 0.00449553001386397466788625267816509486380945984464380768969567 0.0450003608883024172857065791250136095959684888600370833965887 0.586042882852733975762965738433678410259101137297604942518702
96 -0.199960430498193877344530194059646635835206768492012619149665 -0.490272292934771394577786499275174578884697922289396827828776 -0.255226189541718015911889106771301952477450954484827458132699
97 -0.162233989969768657077580273316442730953891852584662388768317 -0.457965010385925115607289706534593198163501836084883122607909 -0.330816693311015959851076631662376457781650182812777484386004
98 -0.199960430498193877344530194059646635835206768492012619149665 -0.490272292934771394577786499275174578884697922289396827828776 0.255226189541718015911889106771301952477450954484827458132699
99 0.207234350858071074363286852441456340549860341444699472164906 0.48577676292090741990990024659700948402088846244475302013908 0.258004579887731238262759512474946562328295067592870503458243
100 0.457965010385925115607289706534593198163501836084883122607909 0.330816693311015959851076631662376457781650182812777484386004 -0.162233989969768657077580273316442730953891852584662388768317
101 0.330816693311015959851076631662376457781650182812777484386004 0.162233989969768657077580273316442730953891852584662388768317 0.457965010385925115607289706534593198163501836084883122607909
102 0.162233989969768657077580273316442730953891852584662388768317 0.457965010385925115607289706534593198163501836084883122607909 -0.330816693311015959851076631662376457781650182812777484386004
103 -0.00449553001386397466788625267816509486380945984464380768969572 -0.0450003608883024172857065791250136095959684888600370833965887 0.586042882852733975762965738433678410259101137297604942518702
104 -0.207234350858071074363286852441456340549860341444699472164906 -0.48577676292090741990990024659700948402088846244475302013908 0.258004579887731238262759512474946562328295067592870503458243
105 -0.48577676292090741990990024659700948402088846244475302013908 -0.258004579887731238262759512474946562328295067592870503458243 -0.207234350858071074363286852441456340549860341444699472164906
106 -0.490272292934771394577786499275174578884697922289396827828776 -0.255226189541718015911889106771301952477450954484827458132699 0.199960430498193877344530194059646635835206768492012619149665
107 0.207234350858071074363286852441456340549860341444699472164906 -0.48577676292090741990990024659700948402088846244475302013908 0.258004579887731238262759512474946562328295067592870503458243
108 0.258004579887731238262759512474946562328295067592870503458243 -0.207234350858071074363286852441456340549860341444699472164906 0.48577676292090741990990024659700948402088846244475302013908
109 -0.162233989969768657077580273316442730953891852584662388768317 0.457965010385925115607289706534593198163501836084883122607909 -0.330816693311015959851076631662376457781650182812777484386004
110 -0.258004579887731238262759512474946562328295067592870503458243 0.207234350858071074363286852441456340549860341444699472164906 0.48577676292090741990990024659700948402088846244475302013908
111 0.199960430498193877344530194059646635835206768492012619149665 -0.490272292934771394577786499275174578884697922289396827828776 -0.255226189541718015911889106771301952477450954484827458132699
112 0.258004579887731238262759512474946562328295067592870503458243 0.207234350858071074363286852441456340549860341444699472164906 -0.48577676292090741990990024659700948402088846244475302013908
113 0.0450003608883024172857065791250136095959684888600370833965887 0.586042882852733975762965738433678410259101137297604942518702 -0.00449553001386397466788625267816509486380945984464380768969572
114 -0.462460540399789090275175959212758293027311295929526930297604 0.328038302965002737500206225958731847930806069704734439060459 0.154960069609891460058823614934633026239238279631975535753077
115 0.586042882852733975762965738433678410259101137297604942518702 0.00449553001386397466788625267816509486380945984464380768969569 -0.0450003608883024172857065791250136095959684888600370833965887
116 0.255226189541718015911889106771301952477450954484827458132699 -0.199960430498193877344530194059646635835206768492012619149665 -0.490272292934771394577786499275174578884697922289396827828776
117 -0.255226189541718015911889106771301952477450954484827458132699 0.199960430498193877344530194059646635835206768492012619149665 -0.490272292934771394577786499275174578884697922289396827828776
118 0.00449553001386397466788625267816509486380945984464380768969569 -0.0450003608883024172857065791250136095959684888600370833965887 0.586042882852733975762965738433678410259101137297604942518702
119 -0.00449553001386397466788625267816509486380945984464380768969571 0.0450003608883024172857065791250136095959684888600370833965887 0.586042882852733975762965738433678410259101137297604942518702
120 -0.221760129434262413093313408539204034756702361401908672467945 0.0948333267976609666676634697201819070458362838556218320571392 0.536022936015161115838882967882547914900607130465143033179199
121 0.221760129434262413093313408539204034756702361401908672467945 -0.0948333267976609666676634697201819070458362838556218320571392 0.536022936015161115838882967882547914900607130465143033179199
122 0.536022936015161115838882967882547914900607130465143033179199 -0.221760129434262413093313408539204034756702361401908672467945 0.0948333267976609666676634697201819070458362838556218320571392
123 -0.515226619714561260274339158250973983871024812198232108493825 0.276205592350026310204632933385468121138401588442086331140448 -0.0611841801824969251208877545054917516937193750823550980700103
124 -0.221760129434262413093313408539204034756702361401908672467945 -0.0948333267976609666676634697201819070458362838556218320571392 0.536022936015161115838882967882547914900607130465143033179199
125 0.536022936015161115838882967882547914900607130465143033179199 0.221760129434262413093313408539204034756702361401908672467945 -0.0948333267976609666676634697201819070458362838556218320571392
126 -0.352076709507479546686244822021527276235642872967347103198621 0.259817343665134805634250034497079793762205542023056702038751 0.392464573389376616242588766895445096899779929782791276583257
127 0.221760129434262413093313408539204034756702361401908672467945 0.0948333267976609666676634697201819070458362838556218320571392 0.536022936015161115838882967882547914900607130465143033179199
128 -0.536022936015161115838882967882547914900607130465143033179199 0.221760129434262413093313408539204034756702361401908672467945 0.0948333267976609666676634697201819070458362838556218320571392
129 0.0948333267976609666676634697201819070458362838556218320571392 0.536022936015161115838882967882547914900607130465143033179199 -0.221760129434262413093313408539204034756702361401908672467945
130 0.122762046325184644031750391355528886971244882415440831910568 0.0336491466151640415467757152146901553521169087732667339871289 0.573836838941741959779558230560731310992345234369255775666566
131 0.536022936015161115838882967882547914900607130465143033179199 0.221760129434262413093313408539204034756702361401908672467945 0.0948333267976609666676634697201819070458362838556218320571392
132 0.515226619714561260274339158250973983871024812198232108493825 -0.276205592350026310204632933385468121138401588442086331140448 -0.0611841801824969251208877545054917516937193750823550980700103
133 -0.0611841801824969251208877545054917516937193750823550980700103 -0.515226619714561260274339158250973983871024812198232108493825 0.276205592350026310204632933385468121138401588442086331140448
134 -0.122762046325184644031750391355528886971244882415440831910568 0.0336491466151640415467757152146901553521169087732667339871289 -0.573836838941741959779558230560731310992345234369255775666566
135 -0.515226619714561260274339158250973983871024812198232108493825 -0.276205592350026310204632933385468121138401588442086331140448 -0.0611841801824969251208877545054917516937193750823550980700103
136 0.536022936015161115838882967882547914900607130465143033179199 -0.221760129434262413093313408539204034756702361401908672467945 -0.0948333267976609666676634697201819070458362838556218320571392
137 -0.573836838941741959779558230560731310992345234369255775666566 0.122762046325184644031750391355528886971244882415440831910568 0.0336491466151640415467757152146901553521169087732667339871289
138 -0.536022936015161115838882967882547914900607130465143033179199 -0.221760129434262413093313408539204034756702361401908672467945 -0.0948333267976609666676634697201819070458362838556218320571392
139 -0.0948333267976609666676634697201819070458362838556218320571392 0.536022936015161115838882967882547914900607130465143033179199 0.221760129434262413093313408539204034756702361401908672467945
140 0.413260889689976471807132576527019027929362248049702201268631 0.297631246591715649574925297175263189853943645927169444526118 0.29346649028029884718102574971176994911432245079632343602588
141 0.352076709507479546686244822021527276235642872967347103198621 -0.259817343665134805634250034497079793762205542023056702038751 0.392464573389376616242588766895445096899779929782791276583257
142 0.392464573389376616242588766895445096899779929782791276583257 -0.352076709507479546686244822021527276235642872967347103198621 0.259817343665134805634250034497079793762205542023056702038751
143 -0.413260889689976471807132576527019027929362248049702201268631 0.297631246591715649574925297175263189853943645927169444526118 -0.29346649028029884718102574971176994911432245079632343602588
144 -0.352076709507479546686244822021527276235642872967347103198621 -0.259817343665134805634250034497079793762205542023056702038751 0.392464573389376616242588766895445096899779929782791276583257
145 -0.29346649028029884718102574971176994911432245079632343602588 0.413260889689976471807132576527019027929362248049702201268631 0.297631246591715649574925297175263189853943645927169444526118
146 0.0948333267976609666676634697201819070458362838556218320571392 -0.536022936015161115838882967882547914900607130465143033179199 0.221760129434262413093313408539204034756702361401908672467945
147 -0.276205592350026310204632933385468121138401588442086331140448 0.0611841801824969251208877545054917516937193750823550980700103 -0.515226619714561260274339158250973983871024812198232108493825
148 -0.536022936015161115838882967882547914900607130465143033179199 -0.221760129434262413093313408539204034756702361401908672467945 0.0948333267976609666676634697201819070458362838556218320571392
149 -0.0948333267976609666676634697201819070458362838556218320571392 -0.536022936015161115838882967882547914900607130465143033179199 -0.221760129434262413093313408539204034756702361401908672467945
150 0.392464573389376616242588766895445096899779929782791276583257 0.352076709507479546686244822021527276235642872967347103198621 -0.259817343665134805634250034497079793762205542023056702038751
151 0.0948333267976609666676634697201819070458362838556218320571392 -0.536022936015161115838882967882547914900607130465143033179199 -0.221760129434262413093313408539204034756702361401908672467945
152 -0.122762046325184644031750391355528886971244882415440831910568 -0.0336491466151640415467757152146901553521169087732667339871289 0.573836838941741959779558230560731310992345234369255775666566
153 0.573836838941741959779558230560731310992345234369255775666566 0.122762046325184644031750391355528886971244882415440831910568 0.0336491466151640415467757152146901553521169087732667339871289
154 -0.392464573389376616242588766895445096899779929782791276583257 0.352076709507479546686244822021527276235642872967347103198621 0.259817343665134805634250034497079793762205542023056702038751
155 0.122762046325184644031750391355528886971244882415440831910568 -0.0336491466151640415467757152146901553521169087732667339871289 0.573836838941741959779558230560731310992345234369255775666566
156 0.0948333267976609666676634697201819070458362838556218320571392 0.536022936015161115838882967882547914900607130465143033179199 0.221760129434262413093313408539204034756702361401908672467945
157 0.259817343665134805634250034497079793762205542023056702038751 0.392464573389376616242588766895445096899779929782791276583257 0.352076709507479546686244822021527276235642872967347103198621
158 -0.0611841801824969251208877545054917516937193750823550980700103 0.515226619714561260274339158250973983871024812198232108493825 -0.276205592350026310204632933385468121138401588442086331140448
159 0.515226619714561260274339158250973983871024812198232108493825 0.276205592350026310204632933385468121138401588442086331140448 -0.0611841801824969251208877545054917516937193750823550980700103
160 0.0611841801824969251208877545054917516937193750823550980700103 0.515226619714561260274339158250973983871024812198232108493825 0.276205592350026310204632933385468121138401588442086331140448
161 0.276205592350026310204632933385468121138401588442086331140448 -0.0611841801824969251208877545054917516937193750823550980700103 -0.515226619714561260274339158250973983871024812198232108493825
162 -0.413260889689976471807132576527019027929362248049702201268631 -0.297631246591715649574925297175263189853943645927169444526118 0.29346649028029884718102574971176994911432245079632343602588
163 -0.0611841801824969251208877545054917516937193750823550980700103 0.515226619714561260274339158250973983871024812198232108493825 0.276205592350026310204632933385468121138401588442086331140448
164 0.122762046325184644031750391355528886971244882415440831910568 -0.0336491466151640415467757152146901553521169087732667339871289 -0.573836838941741959779558230560731310992345234369255775666566
165 -0.573836838941741959779558230560731310992345234369255775666566 -0.122762046325184644031750391355528886971244882415440831910568 0.0336491466151640415467757152146901553521169087732667339871289
166 0.413260889689976471807132576527019027929362248049702201268631 -0.297631246591715649574925297175263189853943645927169444526118 -0.29346649028029884718102574971176994911432245079632343602588
167 -0.122762046325184644031750391355528886971244882415440831910568 -0.0336491466151640415467757152146901553521169087732667339871289 -0.573836838941741959779558230560731310992345234369255775666566
168 -0.0611841801824969251208877545054917516937193750823550980700103 -0.515226619714561260274339158250973983871024812198232108493825 -0.276205592350026310204632933385468121138401588442086331140448
169 -0.29346649028029884718102574971176994911432245079632343602588 -0.413260889689976471807132576527019027929362248049702201268631 -0.297631246591715649574925297175263189853943645927169444526118
170 -0.536022936015161115838882967882547914900607130465143033179199 0.221760129434262413093313408539204034756702361401908672467945 -0.0948333267976609666676634697201819070458362838556218320571392
171 -0.0948333267976609666676634697201819070458362838556218320571392 0.536022936015161115838882967882547914900607130465143033179199 -0.221760129434262413093313408539204034756702361401908672467945
172 0.276205592350026310204632933385468121138401588442086331140448 -0.0611841801824969251208877545054917516937193750823550980700103 0.515226619714561260274339158250973983871024812198232108493825
173 0.573836838941741959779558230560731310992345234369255775666566 -0.122762046325184644031750391355528886971244882415440831910568 0.0336491466151640415467757152146901553521169087732667339871289
174 0.0336491466151640415467757152146901553521169087732667339871289 -0.573836838941741959779558230560731310992345234369255775666566 0.122762046325184644031750391355528886971244882415440831910568
175 -0.276205592350026310204632933385468121138401588442086331140448 -0.0611841801824969251208877545054917516937193750823550980700103 -0.515226619714561260274339158250973983871024812198232108493825
176 -0.259817343665134805634250034497079793762205542023056702038751 -0.392464573389376616242588766895445096899779929782791276583257 -0.352076709507479546686244822021527276235642872967347103198621
177 -0.0948333267976609666676634697201819070458362838556218320571392 -0.536022936015161115838882967882547914900607130465143033179199 0.221760129434262413093313408539204034756702361401908672467945
178 0.29346649028029884718102574971176994911432245079632343602588 0.413260889689976471807132576527019027929362248049702201268631 0.297631246591715649574925297175263189853943645927169444526118
179 0.413260889689976471807132576527019027929362248049702201268631 -0.297631246591715649574925297175263189853943645927169444526118 0.29346649028029884718102574971176994911432245079632343602588
180 0.352076709507479546686244822021527276235642872967347103198621 0.259817343665134805634250034497079793762205542023056702038751 0.392464573389376616242588766895445096899779929782791276583257
181 0.259817343665134805634250034497079793762205542023056702038751 0.392464573389376616242588766895445096899779929782791276583257 -0.352076709507479546686244822021527276235642872967347103198621
182 0.392464573389376616242588766895445096899779929782791276583257 0.352076709507479546686244822021527276235642872967347103198621 0.259817343665134805634250034497079793762205542023056702038751
183 -0.29346649028029884718102574971176994911432245079632343602588 -0.413260889689976471807132576527019027929362248049702201268631 0.297631246591715649574925297175263189853943645927169444526118
184 -0.413260889689976471807132576527019027929362248049702201268631 -0.297631246591715649574925297175263189853943645927169444526118 -0.29346649028029884718102574971176994911432245079632343602588
185 0.392464573389376616242588766895445096899779929782791276583257 -0.352076709507479546686244822021527276235642872967347103198621 -0.259817343665134805634250034497079793762205542023056702038751
186 -0.573836838941741959779558230560731310992345234369255775666566 -0.122762046325184644031750391355528886971244882415440831910568 -0.033649146615164041546775715214690155352116908773266733987129
187 0.29346649028029884718102574971176994911432245079632343602588 -0.413260889689976471807132576527019027929362248049702201268631 0.297631246591715649574925297175263189853943645927169444526118
188 0.297631246591715649574925297175263189853943645927169444526118 -0.29346649028029884718102574971176994911432245079632343602588 0.413260889689976471807132576527019027929362248049702201268631
189 -0.259817343665134805634250034497079793762205542023056702038751 0.392464573389376616242588766895445096899779929782791276583257 -0.352076709507479546686244822021527276235642872967347103198621
190 0.221760129434262413093313408539204034756702361401908672467945 0.0948333267976609666676634697201819070458362838556218320571392 -0.536022936015161115838882967882547914900607130465143033179199
191 -0.297631246591715649574925297175263189853943645927169444526118 -0.29346649028029884718102574971176994911432245079632343602588 0.413260889689976471807132576527019027929362248049702201268631
192 -0.515226619714561260274339158250973983871024812198232108493825 -0.276205592350026310204632933385468121138401588442086331140448 0.0611841801824969251208877545054917516937193750823550980700103
193 0.297631246591715649574925297175263189853943645927169444526118 -0.29346649028029884718102574971176994911432245079632343602588 -0.413260889689976471807132576527019027929362248049702201268631
194 -0.221760129434262413093313408539204034756702361401908672467945 -0.0948333267976609666676634697201819070458362838556218320571392 -0.536022936015161115838882967882547914900607130465143033179199
195 -0.0336491466151640415467757152146901553521169087732667339871289 -0.573836838941741959779558230560731310992345234369255775666566 0.122762046325184644031750391355528886971244882415440831910568
196 -0.392464573389376616242588766895445096899779929782791276583257 -0.352076709507479546686244822021527276235642872967347103198621 -0.259817343665134805634250034497079793762205542023056702038751
197 -0.259817343665134805634250034497079793762205542023056702038751 0.392464573389376616242588766895445096899779929782791276583257 0.352076709507479546686244822021527276235642872967347103198621
198 0.515226619714561260274339158250973983871024812198232108493825 0.276205592350026310204632933385468121138401588442086331140448 0.0611841801824969251208877545054917516937193750823550980700103
199 -0.221760129434262413093313408539204034756702361401908672467945 0.0948333267976609666676634697201819070458362838556218320571392 -0.536022936015161115838882967882547914900607130465143033179199
200 0.0611841801824969251208877545054917516937193750823550980700103 -0.515226619714561260274339158250973983871024812198232108493825 0.276205592350026310204632933385468121138401588442086331140448
201 0.573836838941741959779558230560731310992345234369255775666566 -0.122762046325184644031750391355528886971244882415440831910568 -0.0336491466151640415467757152146901553521169087732667339871289
202 -0.122762046325184644031750391355528886971244882415440831910568 0.0336491466151640415467757152146901553521169087732667339871289 0.573836838941741959779558230560731310992345234369255775666566
203 0.0336491466151640415467757152146901553521169087732667339871289 0.573836838941741959779558230560731310992345234369255775666566 0.122762046325184644031750391355528886971244882415440831910568
204 0.297631246591715649574925297175263189853943645927169444526118 0.29346649028029884718102574971176994911432245079632343602588 0.413260889689976471807132576527019027929362248049702201268631
205 0.259817343665134805634250034497079793762205542023056702038751 -0.392464573389376616242588766895445096899779929782791276583257 0.352076709507479546686244822021527276235642872967347103198621
206 -0.297631246591715649574925297175263189853943645927169444526118 0.29346649028029884718102574971176994911432245079632343602588 -0.413260889689976471807132576527019027929362248049702201268631
207 -0.392464573389376616242588766895445096899779929782791276583257 -0.352076709507479546686244822021527276235642872967347103198621 0.259817343665134805634250034497079793762205542023056702038751
208 0.573836838941741959779558230560731310992345234369255775666566 0.122762046325184644031750391355528886971244882415440831910568 -0.0336491466151640415467757152146901553521169087732667339871289
209 -0.413260889689976471807132576527019027929362248049702201268631 0.297631246591715649574925297175263189853943645927169444526118 0.29346649028029884718102574971176994911432245079632343602588
210 0.0336491466151640415467757152146901553521169087732667339871289 0.573836838941741959779558230560731310992345234369255775666566 -0.122762046325184644031750391355528886971244882415440831910568
211 -0.259817343665134805634250034497079793762205542023056702038751 -0.392464573389376616242588766895445096899779929782791276583257 0.352076709507479546686244822021527276235642872967347103198621
212 -0.033649146615164041546775715214690155352116908773266733987129 0.573836838941741959779558230560731310992345234369255775666566 0.122762046325184644031750391355528886971244882415440831910568
213 0.0611841801824969251208877545054917516937193750823550980700103 -0.515226619714561260274339158250973983871024812198232108493825 -0.276205592350026310204632933385468121138401588442086331140448
214 -0.276205592350026310204632933385468121138401588442086331140448 -0.0611841801824969251208877545054917516937193750823550980700103 0.515226619714561260274339158250973983871024812198232108493825
215 0.352076709507479546686244822021527276235642872967347103198621 0.259817343665134805634250034497079793762205542023056702038751 -0.392464573389376616242588766895445096899779929782791276583257
216 0.276205592350026310204632933385468121138401588442086331140448 0.0611841801824969251208877545054917516937193750823550980700103 0.515226619714561260274339158250973983871024812198232108493825
217 -0.0336491466151640415467757152146901553521169087732667339871289 0.573836838941741959779558230560731310992345234369255775666566 -0.122762046325184644031750391355528886971244882415440831910568
218 0.276205592350026310204632933385468121138401588442086331140448 0.0611841801824969251208877545054917516937193750823550980700103 -0.515226619714561260274339158250973983871024812198232108493825
219 0.29346649028029884718102574971176994911432245079632343602588 -0.413260889689976471807132576527019027929362248049702201268631 -0.297631246591715649574925297175263189853943645927169444526118
220 -0.573836838941741959779558230560731310992345234369255775666566 0.122762046325184644031750391355528886971244882415440831910568 -0.0336491466151640415467757152146901553521169087732667339871289
221 0.122762046325184644031750391355528886971244882415440831910568 0.0336491466151640415467757152146901553521169087732667339871289 -0.573836838941741959779558230560731310992345234369255775666566
222 0.0336491466151640415467757152146901553521169087732667339871289 -0.573836838941741959779558230560731310992345234369255775666566 -0.122762046325184644031750391355528886971244882415440831910568
223 -0.352076709507479546686244822021527276235642872967347103198621 -0.259817343665134805634250034497079793762205542023056702038751 -0.392464573389376616242588766895445096899779929782791276583257
224 -0.29346649028029884718102574971176994911432245079632343602588 0.413260889689976471807132576527019027929362248049702201268631 -0.297631246591715649574925297175263189853943645927169444526118
225 0.413260889689976471807132576527019027929362248049702201268631 0.297631246591715649574925297175263189853943645927169444526118 -0.29346649028029884718102574971176994911432245079632343602588
226 0.0611841801824969251208877545054917516937193750823550980700103 0.515226619714561260274339158250973983871024812198232108493825 -0.276205592350026310204632933385468121138401588442086331140448
227 0.29346649028029884718102574971176994911432245079632343602588 0.413260889689976471807132576527019027929362248049702201268631 -0.297631246591715649574925297175263189853943645927169444526118
228 -0.297631246591715649574925297175263189853943645927169444526118 -0.29346649028029884718102574971176994911432245079632343602588 -0.413260889689976471807132576527019027929362248049702201268631
229 -0.0336491466151640415467757152146901553521169087732667339871289 -0.573836838941741959779558230560731310992345234369255775666566 -0.122762046325184644031750391355528886971244882415440831910568
230 0.297631246591715649574925297175263189853943645927169444526118 0.29346649028029884718102574971176994911432245079632343602588 -0.413260889689976471807132576527019027929362248049702201268631
231 -0.276205592350026310204632933385468121138401588442086331140448 0.0611841801824969251208877545054917516937193750823550980700103 0.515226619714561260274339158250973983871024812198232108493825
232 -0.297631246591715649574925297175263189853943645927169444526118 0.29346649028029884718102574971176994911432245079632343602588 0.413260889689976471807132576527019027929362248049702201268631
233 0.259817343665134805634250034497079793762205542023056702038751 -0.392464573389376616242588766895445096899779929782791276583257 -0.352076709507479546686244822021527276235642872967347103198621
234 0.221760129434262413093313408539204034756702361401908672467945 -0.0948333267976609666676634697201819070458362838556218320571392 -0.536022936015161115838882967882547914900607130465143033179199
235 -0.392464573389376616242588766895445096899779929782791276583257 0.352076709507479546686244822021527276235642872967347103198621 -0.259817343665134805634250034497079793762205542023056702038751
236 -0.515226619714561260274339158250973983871024812198232108493825 0.276205592350026310204632933385468121138401588442086331140448 0.0611841801824969251208877545054917516937193750823550980700103
237 0.515226619714561260274339158250973983871024812198232108493825 -0.276205592350026310204632933385468121138401588442086331140448 0.0611841801824969251208877545054917516937193750823550980700103
238 0.352076709507479546686244822021527276235642872967347103198621 -0.259817343665134805634250034497079793762205542023056702038751 -0.392464573389376616242588766895445096899779929782791276583257
239 -0.352076709507479546686244822021527276235642872967347103198621 0.259817343665134805634250034497079793762205542023056702038751 -0.392464573389376616242588766895445096899779929782791276583257
240 -0.572192898669753515356370689102712332978347771991603145165985 -0.044617665124284742862120949390612867353237861352975567260067 -0.126870222996921774334164862136958073259784766123383273222259
241 0.572192898669753515356370689102712332978347771991603145165985 0.044617665124284742862120949390612867353237861352975567260067 -0.126870222996921774334164862136958073259784766123383273222259
242 -0.126870222996921774334164862136958073259784766123383273222259 -0.572192898669753515356370689102712332978347771991603145165985 -0.044617665124284742862120949390612867353237861352975567260067
243 -0.197243899622962155492358438275733828775478620068634885692439 -0.276348890582953728327474958906551166225762494685421708358018 -0.479810001508538570995201398205958729815609019132031127349238
244 -0.572192898669753515356370689102712332978347771991603145165985 0.044617665124284742862120949390612867353237861352975567260067 -0.126870222996921774334164862136958073259784766123383273222259
245 -0.126870222996921774334164862136958073259784766123383273222259 0.572192898669753515356370689102712332978347771991603145165985 0.044617665124284742862120949390612867353237861352975567260067
246 0.402524232592260132358261990539077969827979062561595837379464 0.149478667586031953993310096769593092965977728562038435135759 0.401399891536162368463462708079572662022893342762453448884472
247 0.572192898669753515356370689102712332978347771991603145165985 -0.044617665124284742862120949390612867353237861352975567260067 -0.126870222996921774334164862136958073259784766123383273222259
248 0.126870222996921774334164862136958073259784766123383273222259 0.572192898669753515356370689102712332978347771991603145165985 -0.044617665124284742862120949390612867353237861352975567260067
249 -0.044617665124284742862120949390612867353237861352975567260067 -0.126870222996921774334164862136958073259784766123383273222259 -0.572192898669753515356370689102712332978347771991603145165985
250 -0.204155991913200212971104269803838833247414722693818563192033 -0.524427666632823313857322347596571597168846880485006694609304 0.169668666077493382998108698563634363150368709430007307786521
251 -0.126870222996921774334164862136958073259784766123383273222259 0.572192898669753515356370689102712332978347771991603145165985 -0.044617665124284742862120949390612867353237861352975567260067
252 0.197243899622962155492358438275733828775478620068634885692439 0.276348890582953728327474958906551166225762494685421708358018 -0.479810001508538570995201398205958729815609019132031127349238
253 -0.479810001508538570995201398205958729815609019132031127349238 -0.197243899622962155492358438275733828775478620068634885692439 -0.276348890582953728327474958906551166225762494685421708358018
254 0.204155991913200212971104269803838833247414722693818563192033 -0.524427666632823313857322347596571597168846880485006694609304 -0.169668666077493382998108698563634363150368709430007307786521
255 -0.197243899622962155492358438275733828775478620068634885692439 0.276348890582953728327474958906551166225762494685421708358018 -0.479810001508538570995201398205958729815609019132031127349238
256 -0.126870222996921774334164862136958073259784766123383273222259 -0.572192898669753515356370689102712332978347771991603145165985 0.044617665124284742862120949390612867353237861352975567260067
257 -0.169668666077493382998108698563634363150368709430007307786521 -0.204155991913200212971104269803838833247414722693818563192033 -0.524427666632823313857322347596571597168846880485006694609304
258 0.126870222996921774334164862136958073259784766123383273222259 -0.572192898669753515356370689102712332978347771991603145165985 0.044617665124284742862120949390612867353237861352975567260067
259 0.044617665124284742862120949390612867353237861352975567260067 -0.126870222996921774334164862136958073259784766123383273222259 0.572192898669753515356370689102712332978347771991603145165985
260 0.0772857689162784386369394076668807599876299565704352899697736 0.446017556660447111325583657470185529376131204115429016144539 -0.374948999046791359864012250826978504202869151922968259473546
261 -0.402524232592260132358261990539077969827979062561595837379464 -0.149478667586031953993310096769593092965977728562038435135759 0.401399891536162368463462708079572662022893342762453448884472
262 0.401399891536162368463462708079572662022893342762453448884472 0.402524232592260132358261990539077969827979062561595837379464 0.149478667586031953993310096769593092965977728562038435135759
263 -0.0772857689162784386369394076668807599876299565704352899697736 0.446017556660447111325583657470185529376131204115429016144539 0.374948999046791359864012250826978504202869151922968259473546
264 0.402524232592260132358261990539077969827979062561595837379464 -0.149478667586031953993310096769593092965977728562038435135759 0.401399891536162368463462708079572662022893342762453448884472
265 0.374948999046791359864012250826978504202869151922968259473546 0.0772857689162784386369394076668807599876299565704352899697736 0.446017556660447111325583657470185529376131204115429016144539
266 -0.044617665124284742862120949390612867353237861352975567260067 0.126870222996921774334164862136958073259784766123383273222259 0.572192898669753515356370689102712332978347771991603145165985
267 0.276348890582953728327474958906551166225762494685421708358018 0.479810001508538570995201398205958729815609019132031127349238 -0.197243899622962155492358438275733828775478620068634885692439
268 0.126870222996921774334164862136958073259784766123383273222259 -0.572192898669753515356370689102712332978347771991603145165985 -0.044617665124284742862120949390612867353237861352975567260067
269 0.044617665124284742862120949390612867353237861352975567260067 0.126870222996921774334164862136958073259784766123383273222259 -0.572192898669753515356370689102712332978347771991603145165985
270 0.401399891536162368463462708079572662022893342762453448884472 -0.402524232592260132358261990539077969827979062561595837379464 -0.149478667586031953993310096769593092965977728562038435135759
271 -0.044617665124284742862120949390612867353237861352975567260067 0.126870222996921774334164862136958073259784766123383273222259 -0.572192898669753515356370689102712332978347771991603145165985
272 0.204155991913200212971104269803838833247414722693818563192033 0.524427666632823313857322347596571597168846880485006694609304 0.169668666077493382998108698563634363150368709430007307786521
273 0.169668666077493382998108698563634363150368709430007307786521 -0.204155991913200212971104269803838833247414722693818563192033 -0.524427666632823313857322347596571597168846880485006694609304
274 -0.401399891536162368463462708079572662022893342762453448884472 -0.402524232592260132358261990539077969827979062561595837379464 0.149478667586031953993310096769593092965977728562038435135759
275 -0.204155991913200212971104269803838833247414722693818563192033 0.524427666632823313857322347596571597168846880485006694609304 0.169668666077493382998108698563634363150368709430007307786521
276 -0.044617665124284742862120949390612867353237861352975567260067 -0.126870222996921774334164862136958073259784766123383273222259 0.572192898669753515356370689102712332978347771991603145165985
277 0.149478667586031953993310096769593092965977728562038435135759 0.401399891536162368463462708079572662022893342762453448884472 -0.402524232592260132358261990539077969827979062561595837379464
278 -0.479810001508538570995201398205958729815609019132031127349238 0.197243899622962155492358438275733828775478620068634885692439 0.276348890582953728327474958906551166225762494685421708358018
279 0.197243899622962155492358438275733828775478620068634885692439 -0.276348890582953728327474958906551166225762494685421708358018 -0.479810001508538570995201398205958729815609019132031127349238
280 0.479810001508538570995201398205958729815609019132031127349238 0.197243899622962155492358438275733828775478620068634885692439 -0.276348890582953728327474958906551166225762494685421708358018
281 -0.276348890582953728327474958906551166225762494685421708358018 -0.479810001508538570995201398205958729815609019132031127349238 -0.197243899622962155492358438275733828775478620068634885692439
282 -0.0772857689162784386369394076668807599876299565704352899697736 -0.446017556660447111325583657470185529376131204115429016144539 -0.374948999046791359864012250826978504202869151922968259473546
283 -0.479810001508538570995201398205958729815609019132031127349238 0.197243899622962155492358438275733828775478620068634885692439 -0.276348890582953728327474958906551166225762494685421708358018
284 -0.204155991913200212971104269803838833247414722693818563192033 0.524427666632823313857322347596571597168846880485006694609304 -0.169668666077493382998108698563634363150368709430007307786521
285 -0.169668666077493382998108698563634363150368709430007307786521 0.204155991913200212971104269803838833247414722693818563192033 -0.524427666632823313857322347596571597168846880485006694609304
286 0.0772857689162784386369394076668807599876299565704352899697736 -0.446017556660447111325583657470185529376131204115429016144539 0.374948999046791359864012250826978504202869151922968259473546
287 0.204155991913200212971104269803838833247414722693818563192033 0.524427666632823313857322347596571597168846880485006694609304 -0.169668666077493382998108698563634363150368709430007307786521
288 -0.479810001508538570995201398205958729815609019132031127349238 -0.197243899622962155492358438275733828775478620068634885692439 0.276348890582953728327474958906551166225762494685421708358018
289 0.374948999046791359864012250826978504202869151922968259473546 -0.0772857689162784386369394076668807599876299565704352899697736 -0.446017556660447111325583657470185529376131204115429016144539
290 0.126870222996921774334164862136958073259784766123383273222259 0.572192898669753515356370689102712332978347771991603145165985 0.044617665124284742862120949390612867353237861352975567260067
291 0.044617665124284742862120949390612867353237861352975567260067 -0.126870222996921774334164862136958073259784766123383273222259 -0.572192898669753515356370689102712332978347771991603145165985
292 -0.276348890582953728327474958906551166225762494685421708358018 -0.479810001508538570995201398205958729815609019132031127349238 0.197243899622962155492358438275733828775478620068634885692439
293 0.169668666077493382998108698563634363150368709430007307786521 0.204155991913200212971104269803838833247414722693818563192033 -0.524427666632823313857322347596571597168846880485006694609304
294 -0.524427666632823313857322347596571597168846880485006694609304 -0.169668666077493382998108698563634363150368709430007307786521 -0.204155991913200212971104269803838833247414722693818563192033
295 0.276348890582953728327474958906551166225762494685421708358018 -0.479810001508538570995201398205958729815609019132031127349238 -0.197243899622962155492358438275733828775478620068634885692439
296 -0.149478667586031953993310096769593092965977728562038435135759 -0.401399891536162368463462708079572662022893342762453448884472 0.402524232592260132358261990539077969827979062561595837379464
297 0.044617665124284742862120949390612867353237861352975567260067 0.126870222996921774334164862136958073259784766123383273222259 0.572192898669753515356370689102712332978347771991603145165985
298 -0.374948999046791359864012250826978504202869151922968259473546 0.0772857689162784386369394076668807599876299565704352899697736 0.446017556660447111325583657470185529376131204115429016144539
299 0.0772857689162784386369394076668807599876299565704352899697736 -0.446017556660447111325583657470185529376131204115429016144539 -0.374948999046791359864012250826978504202869151922968259473546
300 -0.402524232592260132358261990539077969827979062561595837379464 0.149478667586031953993310096769593092965977728562038435135759 0.401399891536162368463462708079572662022893342762453448884472
301 0.149478667586031953993310096769593092965977728562038435135759 0.401399891536162368463462708079572662022893342762453448884472 0.402524232592260132358261990539077969827979062561595837379464
302 0.401399891536162368463462708079572662022893342762453448884472 -0.402524232592260132358261990539077969827979062561595837379464 0.149478667586031953993310096769593092965977728562038435135759
303 0.374948999046791359864012250826978504202869151922968259473546 -0.0772857689162784386369394076668807599876299565704352899697736 0.446017556660447111325583657470185529376131204115429016144539
304 -0.0772857689162784386369394076668807599876299565704352899697736 -0.446017556660447111325583657470185529376131204115429016144539 0.374948999046791359864012250826978504202869151922968259473546
305 0.401399891536162368463462708079572662022893342762453448884472 0.402524232592260132358261990539077969827979062561595837379464 -0.149478667586031953993310096769593092965977728562038435135759
306 -0.169668666077493382998108698563634363150368709430007307786521 0.204155991913200212971104269803838833247414722693818563192033 0.524427666632823313857322347596571597168846880485006694609304
307 -0.374948999046791359864012250826978504202869151922968259473546 -0.0772857689162784386369394076668807599876299565704352899697736 0.446017556660447111325583657470185529376131204115429016144539
308 0.446017556660447111325583657470185529376131204115429016144539 0.374948999046791359864012250826978504202869151922968259473546 0.0772857689162784386369394076668807599876299565704352899697736
309 -0.149478667586031953993310096769593092965977728562038435135759 0.401399891536162368463462708079572662022893342762453448884472 0.402524232592260132358261990539077969827979062561595837379464
310 0.572192898669753515356370689102712332978347771991603145165985 -0.044617665124284742862120949390612867353237861352975567260067 0.126870222996921774334164862136958073259784766123383273222259
311 -0.446017556660447111325583657470185529376131204115429016144539 0.374948999046791359864012250826978504202869151922968259473546 0.0772857689162784386369394076668807599876299565704352899697736
312 -0.197243899622962155492358438275733828775478620068634885692439 0.276348890582953728327474958906551166225762494685421708358018 0.479810001508538570995201398205958729815609019132031127349238
313 0.446017556660447111325583657470185529376131204115429016144539 0.374948999046791359864012250826978504202869151922968259473546 -0.0772857689162784386369394076668807599876299565704352899697736
314 -0.572192898669753515356370689102712332978347771991603145165985 0.044617665124284742862120949390612867353237861352975567260067 0.126870222996921774334164862136958073259784766123383273222259
315 0.524427666632823313857322347596571597168846880485006694609304 -0.169668666077493382998108698563634363150368709430007307786521 -0.204155991913200212971104269803838833247414722693818563192033
316 -0.401399891536162368463462708079572662022893342762453448884472 0.402524232592260132358261990539077969827979062561595837379464 -0.149478667586031953993310096769593092965977728562038435135759
317 -0.149478667586031953993310096769593092965977728562038435135759 0.401399891536162368463462708079572662022893342762453448884472 -0.402524232592260132358261990539077969827979062561595837379464
318 0.197243899622962155492358438275733828775478620068634885692439 -0.276348890582953728327474958906551166225762494685421708358018 0.479810001508538570995201398205958729815609019132031127349238
319 -0.572192898669753515356370689102712332978347771991603145165985 -0.044617665124284742862120949390612867353237861352975567260067 0.126870222996921774334164862136958073259784766123383273222259
320 0.479810001508538570995201398205958729815609019132031127349238 -0.197243899622962155492358438275733828775478620068634885692439 -0.276348890582953728327474958906551166225762494685421708358018
321 0.169668666077493382998108698563634363150368709430007307786521 0.204155991913200212971104269803838833247414722693818563192033 0.524427666632823313857322347596571597168846880485006694609304
322 0.204155991913200212971104269803838833247414722693818563192033 -0.524427666632823313857322347596571597168846880485006694609304 0.169668666077493382998108698563634363150368709430007307786521
323 -0.524427666632823313857322347596571597168846880485006694609304 0.169668666077493382998108698563634363150368709430007307786521 -0.204155991913200212971104269803838833247414722693818563192033
324 0.446017556660447111325583657470185529376131204115429016144539 -0.374948999046791359864012250826978504202869151922968259473546 0.0772857689162784386369394076668807599876299565704352899697736
325 0.149478667586031953993310096769593092965977728562038435135759 -0.401399891536162368463462708079572662022893342762453448884472 -0.402524232592260132358261990539077969827979062561595837379464
326 -0.446017556660447111325583657470185529376131204115429016144539 -0.374948999046791359864012250826978504202869151922968259473546 -0.0772857689162784386369394076668807599876299565704352899697736
327 -0.401399891536162368463462708079572662022893342762453448884472 0.402524232592260132358261990539077969827979062561595837379464 0.149478667586031953993310096769593092965977728562038435135759
328 0.169668666077493382998108698563634363150368709430007307786521 -0.204155991913200212971104269803838833247414722693818563192033 0.524427666632823313857322347596571597168846880485006694609304
329 -0.0772857689162784386369394076668807599876299565704352899697736 0.446017556660447111325583657470185529376131204115429016144539 -0.374948999046791359864012250826978504202869151922968259473546
330 -0.524427666632823313857322347596571597168846880485006694609304 0.169668666077493382998108698563634363150368709430007307786521 0.204155991913200212971104269803838833247414722693818563192033
331 -0.149478667586031953993310096769593092965977728562038435135759 -0.401399891536162368463462708079572662022893342762453448884472 -0.402524232592260132358261990539077969827979062561595837379464
332 0.524427666632823313857322347596571597168846880485006694609304 0.169668666077493382998108698563634363150368709430007307786521 -0.204155991913200212971104269803838833247414722693818563192033
333 0.479810001508538570995201398205958729815609019132031127349238 -0.197243899622962155492358438275733828775478620068634885692439 0.276348890582953728327474958906551166225762494685421708358018
334 0.276348890582953728327474958906551166225762494685421708358018 -0.479810001508538570995201398205958729815609019132031127349238 0.197243899622962155492358438275733828775478620068634885692439
335 -0.402524232592260132358261990539077969827979062561595837379464 0.149478667586031953993310096769593092965977728562038435135759 -0.401399891536162368463462708079572662022893342762453448884472
336 -0.276348890582953728327474958906551166225762494685421708358018 0.479810001508538570995201398205958729815609019132031127349238 0.197243899622962155492358438275733828775478620068634885692439
337 0.524427666632823313857322347596571597168846880485006694609304 0.169668666077493382998108698563634363150368709430007307786521 0.204155991913200212971104269803838833247414722693818563192033
338 -0.276348890582953728327474958906551166225762494685421708358018 0.479810001508538570995201398205958729815609019132031127349238 -0.197243899622962155492358438275733828775478620068634885692439
339 -0.374948999046791359864012250826978504202869151922968259473546 -0.0772857689162784386369394076668807599876299565704352899697736 -0.446017556660447111325583657470185529376131204115429016144539
340 -0.169668666077493382998108698563634363150368709430007307786521 -0.204155991913200212971104269803838833247414722693818563192033 0.524427666632823313857322347596571597168846880485006694609304
341 -0.204155991913200212971104269803838833247414722693818563192033 -0.524427666632823313857322347596571597168846880485006694609304 -0.169668666077493382998108698563634363150368709430007307786521
342 -0.524427666632823313857322347596571597168846880485006694609304 -0.169668666077493382998108698563634363150368709430007307786521 0.204155991913200212971104269803838833247414722693818563192033
343 0.402524232592260132358261990539077969827979062561595837379464 -0.149478667586031953993310096769593092965977728562038435135759 -0.401399891536162368463462708079572662022893342762453448884472
344 0.374948999046791359864012250826978504202869151922968259473546 0.0772857689162784386369394076668807599876299565704352899697736 -0.446017556660447111325583657470185529376131204115429016144539
345 0.0772857689162784386369394076668807599876299565704352899697736 0.446017556660447111325583657470185529376131204115429016144539 0.374948999046791359864012250826978504202869151922968259473546
346 0.479810001508538570995201398205958729815609019132031127349238 0.197243899622962155492358438275733828775478620068634885692439 0.276348890582953728327474958906551166225762494685421708358018
347 -0.374948999046791359864012250826978504202869151922968259473546 0.0772857689162784386369394076668807599876299565704352899697736 -0.446017556660447111325583657470185529376131204115429016144539
348 -0.446017556660447111325583657470185529376131204115429016144539 0.374948999046791359864012250826978504202869151922968259473546 -0.0772857689162784386369394076668807599876299565704352899697736
349 0.524427666632823313857322347596571597168846880485006694609304 -0.169668666077493382998108698563634363150368709430007307786521 0.204155991913200212971104269803838833247414722693818563192033
350 0.446017556660447111325583657470185529376131204115429016144539 -0.374948999046791359864012250826978504202869151922968259473546 -0.0772857689162784386369394076668807599876299565704352899697736
351 0.276348890582953728327474958906551166225762494685421708358018 0.479810001508538570995201398205958729815609019132031127349238 0.197243899622962155492358438275733828775478620068634885692439
352 -0.446017556660447111325583657470185529376131204115429016144539 -0.374948999046791359864012250826978504202869151922968259473546 0.0772857689162784386369394076668807599876299565704352899697736
353 0.149478667586031953993310096769593092965977728562038435135759 -0.401399891536162368463462708079572662022893342762453448884472 0.402524232592260132358261990539077969827979062561595837379464
354 0.572192898669753515356370689102712332978347771991603145165985 0.044617665124284742862120949390612867353237861352975567260067 0.126870222996921774334164862136958073259784766123383273222259
355 -0.401399891536162368463462708079572662022893342762453448884472 -0.402524232592260132358261990539077969827979062561595837379464 -0.149478667586031953993310096769593092965977728562038435135759
356 -0.197243899622962155492358438275733828775478620068634885692439 -0.276348890582953728327474958906551166225762494685421708358018 0.479810001508538570995201398205958729815609019132031127349238
357 0.197243899622962155492358438275733828775478620068634885692439 0.276348890582953728327474958906551166225762494685421708358018 0.479810001508538570995201398205958729815609019132031127349238
358 -0.402524232592260132358261990539077969827979062561595837379464 -0.149478667586031953993310096769593092965977728562038435135759 -0.401399891536162368463462708079572662022893342762453448884472
359 0.402524232592260132358261990539077969827979062561595837379464 0.149478667586031953993310096769593092965977728562038435135759 -0.401399891536162368463462708079572662022893342762453448884472
360 -0.13591576108660102513310848032126388440845237410632176725877 -0.225016434416617650145742586373308168955437440741133745174168 -0.525724274637578711020365011491728166853642444782488904449418
361 0.13591576108660102513310848032126388440845237410632176725877 0.225016434416617650145742586373308168955437440741133745174168 -0.525724274637578711020365011491728166853642444782488904449418
362 -0.525724274637578711020365011491728166853642444782488904449418 -0.13591576108660102513310848032126388440845237410632176725877 -0.225016434416617650145742586373308168955437440741133745174168
363 0.287828089745552155864368471409430514555245115284529266795734 -0.486904536754653729921903680989987586174953609918957411542102 -0.15990767853261054975327303485564564932957121378618579597302
364 -0.13591576108660102513310848032126388440845237410632176725877 0.225016434416617650145742586373308168955437440741133745174168 -0.525724274637578711020365011491728166853642444782488904449418
365 -0.525724274637578711020365011491728166853642444782488904449418 0.13591576108660102513310848032126388440845237410632176725877 0.225016434416617650145742586373308168955437440741133745174168
366 0.562811655328934505718625885036122345599807674543395521621566 -0.038819737882924981098461330501740580678688834863531492907316 -0.165007791904297400809356310098179043971839131259250087994862
367 0.13591576108660102513310848032126388440845237410632176725877 -0.225016434416617650145742586373308168955437440741133745174168 -0.525724274637578711020365011491728166853642444782488904449418
368 0.525724274637578711020365011491728166853642444782488904449418 0.13591576108660102513310848032126388440845237410632176725877 -0.225016434416617650145742586373308168955437440741133745174168
369 -0.225016434416617650145742586373308168955437440741133745174168 -0.525724274637578711020365011491728166853642444782488904449418 -0.13591576108660102513310848032126388440845237410632176725877
370 -0.122820297841254755055012161311251470583405984025279178800872 -0.384924112949228199899015621228953818285008654527319541147188 -0.426895894242333480585517404714858461191355300437073754362795
371 -0.525724274637578711020365011491728166853642444782488904449418 0.13591576108660102513310848032126388440845237410632176725877 -0.225016434416617650145742586373308168955437440741133745174168
372 -0.287828089745552155864368471409430514555245115284529266795734 0.486904536754653729921903680989987586174953609918957411542102 -0.15990767853261054975327303485564564932957121378618579597302
373 -0.15990767853261054975327303485564564932957121378618579597302 0.287828089745552155864368471409430514555245115284529266795734 -0.486904536754653729921903680989987586174953609918957411542102
374 0.122820297841254755055012161311251470583405984025279178800872 -0.384924112949228199899015621228953818285008654527319541147188 0.426895894242333480585517404714858461191355300437073754362795
375 0.287828089745552155864368471409430514555245115284529266795734 0.486904536754653729921903680989987586174953609918957411542102 -0.15990767853261054975327303485564564932957121378618579597302
376 -0.525724274637578711020365011491728166853642444782488904449418 -0.13591576108660102513310848032126388440845237410632176725877 0.225016434416617650145742586373308168955437440741133745174168
377 0.426895894242333480585517404714858461191355300437073754362795 -0.122820297841254755055012161311251470583405984025279178800872 -0.384924112949228199899015621228953818285008654527319541147188
378 0.525724274637578711020365011491728166853642444782488904449418 -0.13591576108660102513310848032126388440845237410632176725877 0.225016434416617650145742586373308168955437440741133745174168
379 0.225016434416617650145742586373308168955437440741133745174168 -0.525724274637578711020365011491728166853642444782488904449418 0.13591576108660102513310848032126388440845237410632176725877
380 -0.402903976796323955965352850180476696270236460757209725648546 0.0600086425123202493363862762751291249835983094818836571793062 -0.423743850832153180997476951730694398963697489390851034054504
381 -0.562811655328934505718625885036122345599807674543395521621566 0.038819737882924981098461330501740580678688834863531492907316 -0.165007791904297400809356310098179043971839131259250087994862
382 -0.165007791904297400809356310098179043971839131259250087994862 0.562811655328934505718625885036122345599807674543395521621566 -0.038819737882924981098461330501740580678688834863531492907316
383 0.402903976796323955965352850180476696270236460757209725648546 0.0600086425123202493363862762751291249835983094818836571793062 0.423743850832153180997476951730694398963697489390851034054504
384 0.562811655328934505718625885036122345599807674543395521621566 0.038819737882924981098461330501740580678688834863531492907316 -0.165007791904297400809356310098179043971839131259250087994862
385 0.423743850832153180997476951730694398963697489390851034054504 -0.402903976796323955965352850180476696270236460757209725648546 0.0600086425123202493363862762751291249835983094818836571793062
386 -0.225016434416617650145742586373308168955437440741133745174168 0.525724274637578711020365011491728166853642444782488904449418 0.13591576108660102513310848032126388440845237410632176725877
387 0.486904536754653729921903680989987586174953609918957411542102 0.15990767853261054975327303485564564932957121378618579597302 0.287828089745552155864368471409430514555245115284529266795734
388 0.525724274637578711020365011491728166853642444782488904449418 -0.13591576108660102513310848032126388440845237410632176725877 -0.225016434416617650145742586373308168955437440741133745174168
389 0.225016434416617650145742586373308168955437440741133745174168 0.525724274637578711020365011491728166853642444782488904449418 -0.13591576108660102513310848032126388440845237410632176725877
390 -0.165007791904297400809356310098179043971839131259250087994862 -0.562811655328934505718625885036122345599807674543395521621566 0.038819737882924981098461330501740580678688834863531492907316
391 -0.225016434416617650145742586373308168955437440741133745174168 0.525724274637578711020365011491728166853642444782488904449418 -0.13591576108660102513310848032126388440845237410632176725877
392 0.122820297841254755055012161311251470583405984025279178800872 0.384924112949228199899015621228953818285008654527319541147188 -0.426895894242333480585517404714858461191355300437073754362795
393 -0.426895894242333480585517404714858461191355300437073754362795 -0.122820297841254755055012161311251470583405984025279178800872 -0.384924112949228199899015621228953818285008654527319541147188
394 0.165007791904297400809356310098179043971839131259250087994862 -0.562811655328934505718625885036122345599807674543395521621566 -0.038819737882924981098461330501740580678688834863531492907316
395 -0.122820297841254755055012161311251470583405984025279178800872 0.384924112949228199899015621228953818285008654527319541147188 -0.426895894242333480585517404714858461191355300437073754362795
396 -0.225016434416617650145742586373308168955437440741133745174168 -0.525724274637578711020365011491728166853642444782488904449418 0.13591576108660102513310848032126388440845237410632176725877
397 -0.038819737882924981098461330501740580678688834863531492907316 -0.165007791904297400809356310098179043971839131259250087994862 -0.562811655328934505718625885036122345599807674543395521621566
398 -0.15990767853261054975327303485564564932957121378618579597302 -0.287828089745552155864368471409430514555245115284529266795734 0.486904536754653729921903680989987586174953609918957411542102
399 -0.287828089745552155864368471409430514555245115284529266795734 -0.486904536754653729921903680989987586174953609918957411542102 -0.15990767853261054975327303485564564932957121378618579597302
400 0.15990767853261054975327303485564564932957121378618579597302 -0.287828089745552155864368471409430514555245115284529266795734 -0.486904536754653729921903680989987586174953609918957411542102
401 -0.486904536754653729921903680989987586174953609918957411542102 -0.15990767853261054975327303485564564932957121378618579597302 0.287828089745552155864368471409430514555245115284529266795734
402 0.402903976796323955965352850180476696270236460757209725648546 -0.0600086425123202493363862762751291249835983094818836571793062 -0.423743850832153180997476951730694398963697489390851034054504
403 -0.15990767853261054975327303485564564932957121378618579597302 -0.287828089745552155864368471409430514555245115284529266795734 -0.486904536754653729921903680989987586174953609918957411542102
404 -0.122820297841254755055012161311251470583405984025279178800872 0.384924112949228199899015621228953818285008654527319541147188 0.426895894242333480585517404714858461191355300437073754362795
405 0.426895894242333480585517404714858461191355300437073754362795 0.122820297841254755055012161311251470583405984025279178800872 -0.384924112949228199899015621228953818285008654527319541147188
406 -0.402903976796323955965352850180476696270236460757209725648546 -0.0600086425123202493363862762751291249835983094818836571793062 0.423743850832153180997476951730694398963697489390851034054504
407 0.122820297841254755055012161311251470583405984025279178800872 0.384924112949228199899015621228953818285008654527319541147188 0.426895894242333480585517404714858461191355300437073754362795
408 -0.15990767853261054975327303485564564932957121378618579597302 0.287828089745552155864368471409430514555245115284529266795734 0.486904536754653729921903680989987586174953609918957411542102
409 0.423743850832153180997476951730694398963697489390851034054504 0.402903976796323955965352850180476696270236460757209725648546 -0.0600086425123202493363862762751291249835983094818836571793062
410 0.525724274637578711020365011491728166853642444782488904449418 0.13591576108660102513310848032126388440845237410632176725877 0.225016434416617650145742586373308168955437440741133745174168
411 0.225016434416617650145742586373308168955437440741133745174168 -0.525724274637578711020365011491728166853642444782488904449418 -0.13591576108660102513310848032126388440845237410632176725877
412 -0.486904536754653729921903680989987586174953609918957411542102 -0.15990767853261054975327303485564564932957121378618579597302 -0.287828089745552155864368471409430514555245115284529266795734
413 -0.426895894242333480585517404714858461191355300437073754362795 0.122820297841254755055012161311251470583405984025279178800872 -0.384924112949228199899015621228953818285008654527319541147188
414 -0.384924112949228199899015621228953818285008654527319541147188 0.426895894242333480585517404714858461191355300437073754362795 -0.122820297841254755055012161311251470583405984025279178800872
415 0.486904536754653729921903680989987586174953609918957411542102 -0.15990767853261054975327303485564564932957121378618579597302 0.287828089745552155864368471409430514555245115284529266795734
416 0.038819737882924981098461330501740580678688834863531492907316 0.165007791904297400809356310098179043971839131259250087994862 0.562811655328934505718625885036122345599807674543395521621566
417 0.225016434416617650145742586373308168955437440741133745174168 0.525724274637578711020365011491728166853642444782488904449418 0.13591576108660102513310848032126388440845237410632176725877
418 -0.423743850832153180997476951730694398963697489390851034054504 -0.402903976796323955965352850180476696270236460757209725648546 0.0600086425123202493363862762751291249835983094818836571793062
419 -0.402903976796323955965352850180476696270236460757209725648546 -0.0600086425123202493363862762751291249835983094818836571793062 -0.423743850832153180997476951730694398963697489390851034054504
420 -0.562811655328934505718625885036122345599807674543395521621566 -0.038819737882924981098461330501740580678688834863531492907316 -0.165007791904297400809356310098179043971839131259250087994862
421 -0.038819737882924981098461330501740580678688834863531492907316 -0.165007791904297400809356310098179043971839131259250087994862 0.562811655328934505718625885036122345599807674543395521621566
422 -0.165007791904297400809356310098179043971839131259250087994862 -0.562811655328934505718625885036122345599807674543395521621566 -0.038819737882924981098461330501740580678688834863531492907316
423 0.423743850832153180997476951730694398963697489390851034054504 0.402903976796323955965352850180476696270236460757209725648546 0.0600086425123202493363862762751291249835983094818836571793062
424 0.402903976796323955965352850180476696270236460757209725648546 -0.0600086425123202493363862762751291249835983094818836571793062 0.423743850832153180997476951730694398963697489390851034054504
425 -0.165007791904297400809356310098179043971839131259250087994862 0.562811655328934505718625885036122345599807674543395521621566 0.038819737882924981098461330501740580678688834863531492907316
426 0.426895894242333480585517404714858461191355300437073754362795 0.122820297841254755055012161311251470583405984025279178800872 0.384924112949228199899015621228953818285008654527319541147188
427 -0.423743850832153180997476951730694398963697489390851034054504 0.402903976796323955965352850180476696270236460757209725648546 0.0600086425123202493363862762751291249835983094818836571793062
428 0.0600086425123202493363862762751291249835983094818836571793062 0.423743850832153180997476951730694398963697489390851034054504 -0.402903976796323955965352850180476696270236460757209725648546
429 0.038819737882924981098461330501740580678688834863531492907316 -0.165007791904297400809356310098179043971839131259250087994862 0.562811655328934505718625885036122345599807674543395521621566
430 0.13591576108660102513310848032126388440845237410632176725877 -0.225016434416617650145742586373308168955437440741133745174168 0.525724274637578711020365011491728166853642444782488904449418
431 -0.0600086425123202493363862762751291249835983094818836571793062 0.423743850832153180997476951730694398963697489390851034054504 -0.402903976796323955965352850180476696270236460757209725648546
432 0.287828089745552155864368471409430514555245115284529266795734 0.486904536754653729921903680989987586174953609918957411542102 0.15990767853261054975327303485564564932957121378618579597302
433 0.0600086425123202493363862762751291249835983094818836571793062 0.423743850832153180997476951730694398963697489390851034054504 0.402903976796323955965352850180476696270236460757209725648546
434 -0.13591576108660102513310848032126388440845237410632176725877 0.225016434416617650145742586373308168955437440741133745174168 0.525724274637578711020365011491728166853642444782488904449418
435 0.384924112949228199899015621228953818285008654527319541147188 0.426895894242333480585517404714858461191355300437073754362795 -0.122820297841254755055012161311251470583405984025279178800872
436 0.165007791904297400809356310098179043971839131259250087994862 0.562811655328934505718625885036122345599807674543395521621566 0.038819737882924981098461330501740580678688834863531492907316
437 0.038819737882924981098461330501740580678688834863531492907316 -0.165007791904297400809356310098179043971839131259250087994862 -0.562811655328934505718625885036122345599807674543395521621566
438 -0.287828089745552155864368471409430514555245115284529266795734 -0.486904536754653729921903680989987586174953609918957411542102 0.15990767853261054975327303485564564932957121378618579597302
439 -0.13591576108660102513310848032126388440845237410632176725877 -0.225016434416617650145742586373308168955437440741133745174168 0.525724274637578711020365011491728166853642444782488904449418
440 0.15990767853261054975327303485564564932957121378618579597302 0.287828089745552155864368471409430514555245115284529266795734 -0.486904536754653729921903680989987586174953609918957411542102
441 -0.426895894242333480585517404714858461191355300437073754362795 0.122820297841254755055012161311251470583405984025279178800872 0.384924112949228199899015621228953818285008654527319541147188
442 0.122820297841254755055012161311251470583405984025279178800872 -0.384924112949228199899015621228953818285008654527319541147188 -0.426895894242333480585517404714858461191355300437073754362795
443 -0.384924112949228199899015621228953818285008654527319541147188 -0.426895894242333480585517404714858461191355300437073754362795 -0.122820297841254755055012161311251470583405984025279178800872
444 0.0600086425123202493363862762751291249835983094818836571793062 -0.423743850832153180997476951730694398963697489390851034054504 -0.402903976796323955965352850180476696270236460757209725648546
445 -0.038819737882924981098461330501740580678688834863531492907316 0.165007791904297400809356310098179043971839131259250087994862 -0.562811655328934505718625885036122345599807674543395521621566
446 -0.0600086425123202493363862762751291249835983094818836571793062 -0.423743850832153180997476951730694398963697489390851034054504 0.402903976796323955965352850180476696270236460757209725648546
447 0.165007791904297400809356310098179043971839131259250087994862 0.562811655328934505718625885036122345599807674543395521621566 -0.038819737882924981098461330501740580678688834863531492907316
448 -0.426895894242333480585517404714858461191355300437073754362795 -0.122820297841254755055012161311251470583405984025279178800872 0.384924112949228199899015621228953818285008654527319541147188
449 0.402903976796323955965352850180476696270236460757209725648546 0.0600086425123202493363862762751291249835983094818836571793062 -0.423743850832153180997476951730694398963697489390851034054504
450 -0.384924112949228199899015621228953818285008654527319541147188 -0.426895894242333480585517404714858461191355300437073754362795 0.122820297841254755055012161311251470583405984025279178800872
451 0.038819737882924981098461330501740580678688834863531492907316 0.165007791904297400809356310098179043971839131259250087994862 -0.562811655328934505718625885036122345599807674543395521621566
452 0.384924112949228199899015621228953818285008654527319541147188 -0.426895894242333480585517404714858461191355300437073754362795 -0.122820297841254755055012161311251470583405984025279178800872
453 0.15990767853261054975327303485564564932957121378618579597302 0.287828089745552155864368471409430514555245115284529266795734 0.486904536754653729921903680989987586174953609918957411542102
454 0.486904536754653729921903680989987586174953609918957411542102 -0.15990767853261054975327303485564564932957121378618579597302 -0.287828089745552155864368471409430514555245115284529266795734
455 -0.562811655328934505718625885036122345599807674543395521621566 -0.038819737882924981098461330501740580678688834863531492907316 0.165007791904297400809356310098179043971839131259250087994862
456 -0.486904536754653729921903680989987586174953609918957411542102 0.15990767853261054975327303485564564932957121378618579597302 -0.287828089745552155864368471409430514555245115284529266795734
457 0.384924112949228199899015621228953818285008654527319541147188 -0.426895894242333480585517404714858461191355300437073754362795 0.122820297841254755055012161311251470583405984025279178800872
458 -0.486904536754653729921903680989987586174953609918957411542102 0.15990767853261054975327303485564564932957121378618579597302 0.287828089745552155864368471409430514555245115284529266795734
459 -0.423743850832153180997476951730694398963697489390851034054504 0.402903976796323955965352850180476696270236460757209725648546 -0.0600086425123202493363862762751291249835983094818836571793062
460 0.426895894242333480585517404714858461191355300437073754362795 -0.122820297841254755055012161311251470583405984025279178800872 0.384924112949228199899015621228953818285008654527319541147188
461 -0.122820297841254755055012161311251470583405984025279178800872 -0.384924112949228199899015621228953818285008654527319541147188 0.426895894242333480585517404714858461191355300437073754362795
462 -0.384924112949228199899015621228953818285008654527319541147188 0.426895894242333480585517404714858461191355300437073754362795 0.122820297841254755055012161311251470583405984025279178800872
463 0.562811655328934505718625885036122345599807674543395521621566 0.038819737882924981098461330501740580678688834863531492907316 0.165007791904297400809356310098179043971839131259250087994862
464 0.423743850832153180997476951730694398963697489390851034054504 -0.402903976796323955965352850180476696270236460757209725648546 -0.0600086425123202493363862762751291249835983094818836571793062
465 -0.402903976796323955965352850180476696270236460757209725648546 0.0600086425123202493363862762751291249835983094818836571793062 0.423743850832153180997476951730694398963697489390851034054504
466 0.15990767853261054975327303485564564932957121378618579597302 -0.287828089745552155864368471409430514555245115284529266795734 0.486904536754653729921903680989987586174953609918957411542102
467 -0.423743850832153180997476951730694398963697489390851034054504 -0.402903976796323955965352850180476696270236460757209725648546 -0.0600086425123202493363862762751291249835983094818836571793062
468 -0.0600086425123202493363862762751291249835983094818836571793062 0.423743850832153180997476951730694398963697489390851034054504 0.402903976796323955965352850180476696270236460757209725648546
469 0.384924112949228199899015621228953818285008654527319541147188 0.426895894242333480585517404714858461191355300437073754362795 0.122820297841254755055012161311251470583405984025279178800872
470 0.0600086425123202493363862762751291249835983094818836571793062 -0.423743850832153180997476951730694398963697489390851034054504 0.402903976796323955965352850180476696270236460757209725648546
471 0.486904536754653729921903680989987586174953609918957411542102 0.15990767853261054975327303485564564932957121378618579597302 -0.287828089745552155864368471409430514555245115284529266795734
472 -0.0600086425123202493363862762751291249835983094818836571793062 -0.423743850832153180997476951730694398963697489390851034054504 -0.402903976796323955965352850180476696270236460757209725648546
473 -0.038819737882924981098461330501740580678688834863531492907316 0.165007791904297400809356310098179043971839131259250087994862 0.562811655328934505718625885036122345599807674543395521621566
474 0.13591576108660102513310848032126388440845237410632176725877 0.225016434416617650145742586373308168955437440741133745174168 0.525724274637578711020365011491728166853642444782488904449418
475 0.165007791904297400809356310098179043971839131259250087994862 -0.562811655328934505718625885036122345599807674543395521621566 0.038819737882924981098461330501740580678688834863531492907316
476 0.287828089745552155864368471409430514555245115284529266795734 -0.486904536754653729921903680989987586174953609918957411542102 0.15990767853261054975327303485564564932957121378618579597302
477 -0.287828089745552155864368471409430514555245115284529266795734 0.486904536754653729921903680989987586174953609918957411542102 0.15990767853261054975327303485564564932957121378618579597302
478 -0.562811655328934505718625885036122345599807674543395521621566 0.038819737882924981098461330501740580678688834863531492907316 0.165007791904297400809356310098179043971839131259250087994862
479 0.562811655328934505718625885036122345599807674543395521621566 -0.0388197378829249810984613305017405806786888348635314929073161 0.165007791904297400809356310098179043971839131259250087994862
480 0.0721928986697535153563706891027123329783477719916031451659851 0.353634659499232166964414366573431926213392451255856998327791 0.463920484345159212069631955435388030648311558111953399632255
481 -0.0721928986697535153563706891027123329783477719916031451659851 -0.353634659499232166964414366573431926213392451255856998327791 0.463920484345159212069631955435388030648311558111953399632255
482 0.463920484345159212069631955435388030648311558111953399632255 0.0721928986697535153563706891027123329783477719916031451659851 0.353634659499232166964414366573431926213392451255856998327791
483 -0.2299439869537531229193244425368362757711662647114581333798 0.540365524069598735144061796964356615489948595728266056029153 0.024947265848713994385710606595085267377758623063516936614893
484 0.0721928986697535153563706891027123329783477719916031451659851 -0.353634659499232166964414366573431926213392451255856998327791 0.463920484345159212069631955435388030648311558111953399632255
485 0.463920484345159212069631955435388030648311558111953399632255 -0.0721928986697535153563706891027123329783477719916031451659851 -0.353634659499232166964414366573431926213392451255856998327791
486 -0.520695124794027986667651454168829015514469357438807425383979 -0.0764450397244395230744298415289685848416370376163126563968988 0.261771361553907903131633334675191993259565440974795222516632
487 -0.0721928986697535153563706891027123329783477719916031451659851 0.353634659499232166964414366573431926213392451255856998327791 0.463920484345159212069631955435388030648311558111953399632255
488 -0.463920484345159212069631955435388030648311558111953399632255 -0.0721928986697535153563706891027123329783477719916031451659851 0.353634659499232166964414366573431926213392451255856998327791
489 0.353634659499232166964414366573431926213392451255856998327791 0.463920484345159212069631955435388030648311558111953399632255 0.0721928986697535153563706891027123329783477719916031451659851
490 -0.0318273746001547802123088921383557174883991762633370891368318 0.378581925347946161350124973168517193591151074319373934942684 0.448502226124274471311280765066116682536121585447204280217994
491 0.463920484345159212069631955435388030648311558111953399632255 -0.0721928986697535153563706891027123329783477719916031451659851 0.353634659499232166964414366573431926213392451255856998327791
492 0.2299439869537531229193244425368362757711662647114581333798 -0.540365524069598735144061796964356615489948595728266056029153 0.024947265848713994385710606595085267377758623063516936614893
493 0.024947265848713994385710606595085267377758623063516936614893 -0.2299439869537531229193244425368362757711662647114581333798 0.540365524069598735144061796964356615489948595728266056029153
494 0.0318273746001547802123088921383557174883991762633370891368318 0.378581925347946161350124973168517193591151074319373934942684 -0.448502226124274471311280765066116682536121585447204280217994
495 -0.2299439869537531229193244425368362757711662647114581333798 -0.540365524069598735144061796964356615489948595728266056029153 0.024947265848713994385710606595085267377758623063516936614893
496 0.463920484345159212069631955435388030648311558111953399632255 0.0721928986697535153563706891027123329783477719916031451659851 -0.353634659499232166964414366573431926213392451255856998327791
497 -0.448502226124274471311280765066116682536121585447204280217994 -0.0318273746001547802123088921383557174883991762633370891368318 0.378581925347946161350124973168517193591151074319373934942684
498 -0.463920484345159212069631955435388030648311558111953399632255 0.0721928986697535153563706891027123329783477719916031451659851 -0.353634659499232166964414366573431926213392451255856998327791
499 -0.353634659499232166964414366573431926213392451255856998327791 0.463920484345159212069631955435388030648311558111953399632255 -0.0721928986697535153563706891027123329783477719916031451659851
500 0.495747858945313992281940847573743748136710734375290488769086 -0.091863297945324263832781031898239932953827010281061775811159 0.302136885623506638275695131639548608749514036703061278545785
501 0.520695124794027986667651454168829015514469357438807425383979 0.0764450397244395230744298415289685848416370376163126563968988 0.261771361553907903131633334675191993259565440974795222516632
502 0.261771361553907903131633334675191993259565440974795222516632 -0.520695124794027986667651454168829015514469357438807425383979 -0.0764450397244395230744298415289685848416370376163126563968988
503 -0.495747858945313992281940847573743748136710734375290488769086 -0.091863297945324263832781031898239932953827010281061775811159 -0.302136885623506638275695131639548608749514036703061278545785
504 -0.520695124794027986667651454168829015514469357438807425383979 0.0764450397244395230744298415289685848416370376163126563968988 0.261771361553907903131633334675191993259565440974795222516632
505 -0.302136885623506638275695131639548608749514036703061278545785 0.495747858945313992281940847573743748136710734375290488769086 -0.091863297945324263832781031898239932953827010281061775811159
506 0.353634659499232166964414366573431926213392451255856998327791 -0.463920484345159212069631955435388030648311558111953399632255 -0.0721928986697535153563706891027123329783477719916031451659851
507 -0.540365524069598735144061796964356615489948595728266056029153 -0.024947265848713994385710606595085267377758623063516936614893 -0.2299439869537531229193244425368362757711662647114581333798
508 -0.463920484345159212069631955435388030648311558111953399632255 0.0721928986697535153563706891027123329783477719916031451659851 0.353634659499232166964414366573431926213392451255856998327791
509 -0.353634659499232166964414366573431926213392451255856998327791 -0.463920484345159212069631955435388030648311558111953399632255 0.0721928986697535153563706891027123329783477719916031451659851
510 0.261771361553907903131633334675191993259565440974795222516632 0.520695124794027986667651454168829015514469357438807425383979 0.0764450397244395230744298415289685848416370376163126563968988
511 0.353634659499232166964414366573431926213392451255856998327791 -0.463920484345159212069631955435388030648311558111953399632255 0.0721928986697535153563706891027123329783477719916031451659851
512 0.0318273746001547802123088921383557174883991762633370891368318 -0.378581925347946161350124973168517193591151074319373934942684 0.448502226124274471311280765066116682536121585447204280217994
513 0.448502226124274471311280765066116682536121585447204280217994 -0.0318273746001547802123088921383557174883991762633370891368318 0.378581925347946161350124973168517193591151074319373934942684
514 -0.261771361553907903131633334675191993259565440974795222516632 0.520695124794027986667651454168829015514469357438807425383979 -0.0764450397244395230744298415289685848416370376163126563968988
515 -0.0318273746001547802123088921383557174883991762633370891368318 -0.378581925347946161350124973168517193591151074319373934942684 0.448502226124274471311280765066116682536121585447204280217994
516 0.353634659499232166964414366573431926213392451255856998327791 0.463920484345159212069631955435388030648311558111953399632255 -0.0721928986697535153563706891027123329783477719916031451659851
517 -0.0764450397244395230744298415289685848416370376163126563968988 0.261771361553907903131633334675191993259565440974795222516632 0.520695124794027986667651454168829015514469357438807425383979
518 0.024947265848713994385710606595085267377758623063516936614893 0.2299439869537531229193244425368362757711662647114581333798 -0.540365524069598735144061796964356615489948595728266056029153
519 0.2299439869537531229193244425368362757711662647114581333798 0.540365524069598735144061796964356615489948595728266056029153 0.024947265848713994385710606595085267377758623063516936614893
520 -0.024947265848713994385710606595085267377758623063516936614893 0.2299439869537531229193244425368362757711662647114581333798 0.540365524069598735144061796964356615489948595728266056029153
521 0.540365524069598735144061796964356615489948595728266056029153 0.024947265848713994385710606595085267377758623063516936614893 -0.2299439869537531229193244425368362757711662647114581333798
522 -0.495747858945313992281940847573743748136710734375290488769086 0.091863297945324263832781031898239932953827010281061775811159 0.302136885623506638275695131639548608749514036703061278545785
523 0.024947265848713994385710606595085267377758623063516936614893 0.2299439869537531229193244425368362757711662647114581333798 0.540365524069598735144061796964356615489948595728266056029153
524 -0.0318273746001547802123088921383557174883991762633370891368318 -0.378581925347946161350124973168517193591151074319373934942684 -0.448502226124274471311280765066116682536121585447204280217994
525 -0.448502226124274471311280765066116682536121585447204280217994 0.0318273746001547802123088921383557174883991762633370891368318 0.378581925347946161350124973168517193591151074319373934942684
526 0.495747858945313992281940847573743748136710734375290488769086 0.091863297945324263832781031898239932953827010281061775811159 -0.302136885623506638275695131639548608749514036703061278545785
527 0.0318273746001547802123088921383557174883991762633370891368318 -0.378581925347946161350124973168517193591151074319373934942684 -0.448502226124274471311280765066116682536121585447204280217994
528 0.024947265848713994385710606595085267377758623063516936614893 -0.2299439869537531229193244425368362757711662647114581333798 -0.540365524069598735144061796964356615489948595728266056029153
529 -0.302136885623506638275695131639548608749514036703061278545785 -0.495747858945313992281940847573743748136710734375290488769086 0.091863297945324263832781031898239932953827010281061775811159
530 -0.463920484345159212069631955435388030648311558111953399632255 -0.0721928986697535153563706891027123329783477719916031451659851 -0.353634659499232166964414366573431926213392451255856998327791
531 -0.353634659499232166964414366573431926213392451255856998327791 0.463920484345159212069631955435388030648311558111953399632255 0.0721928986697535153563706891027123329783477719916031451659851
532 0.540365524069598735144061796964356615489948595728266056029153 0.024947265848713994385710606595085267377758623063516936614893 0.2299439869537531229193244425368362757711662647114581333798
533 0.448502226124274471311280765066116682536121585447204280217994 0.0318273746001547802123088921383557174883991762633370891368318 0.378581925347946161350124973168517193591151074319373934942684
534 0.378581925347946161350124973168517193591151074319373934942684 -0.448502226124274471311280765066116682536121585447204280217994 -0.0318273746001547802123088921383557174883991762633370891368318
535 -0.540365524069598735144061796964356615489948595728266056029153 0.024947265848713994385710606595085267377758623063516936614893 -0.2299439869537531229193244425368362757711662647114581333798
536 0.0764450397244395230744298415289685848416370376163126563968988 -0.261771361553907903131633334675191993259565440974795222516632 -0.520695124794027986667651454168829015514469357438807425383979
537 -0.353634659499232166964414366573431926213392451255856998327791 -0.463920484345159212069631955435388030648311558111953399632255 -0.0721928986697535153563706891027123329783477719916031451659851
538 0.302136885623506638275695131639548608749514036703061278545785 0.495747858945313992281940847573743748136710734375290488769086 -0.091863297945324263832781031898239932953827010281061775811159
539 0.495747858945313992281940847573743748136710734375290488769086 0.091863297945324263832781031898239932953827010281061775811159 0.302136885623506638275695131639548608749514036703061278545785
540 0.520695124794027986667651454168829015514469357438807425383979 -0.0764450397244395230744298415289685848416370376163126563968988 0.261771361553907903131633334675191993259565440974795222516632
541 -0.0764450397244395230744298415289685848416370376163126563968988 0.261771361553907903131633334675191993259565440974795222516632 -0.520695124794027986667651454168829015514469357438807425383979
542 0.261771361553907903131633334675191993259565440974795222516632 0.520695124794027986667651454168829015514469357438807425383979 -0.0764450397244395230744298415289685848416370376163126563968988
543 -0.302136885623506638275695131639548608749514036703061278545785 -0.495747858945313992281940847573743748136710734375290488769086 -0.091863297945324263832781031898239932953827010281061775811159
544 -0.495747858945313992281940847573743748136710734375290488769086 0.091863297945324263832781031898239932953827010281061775811159 -0.302136885623506638275695131639548608749514036703061278545785
545 0.261771361553907903131633334675191993259565440974795222516632 -0.520695124794027986667651454168829015514469357438807425383979 0.0764450397244395230744298415289685848416370376163126563968988
546 -0.448502226124274471311280765066116682536121585447204280217994 0.0318273746001547802123088921383557174883991762633370891368318 -0.378581925347946161350124973168517193591151074319373934942684
547 0.302136885623506638275695131639548608749514036703061278545785 -0.495747858945313992281940847573743748136710734375290488769086 -0.091863297945324263832781031898239932953827010281061775811159
548 -0.091863297945324263832781031898239932953827010281061775811159 -0.302136885623506638275695131639548608749514036703061278545785 0.495747858945313992281940847573743748136710734375290488769086
549 0.0764450397244395230744298415289685848416370376163126563968988 0.261771361553907903131633334675191993259565440974795222516632 -0.520695124794027986667651454168829015514469357438807425383979
550 -0.0721928986697535153563706891027123329783477719916031451659851 0.353634659499232166964414366573431926213392451255856998327791 -0.463920484345159212069631955435388030648311558111953399632255
551 0.091863297945324263832781031898239932953827010281061775811159 -0.302136885623506638275695131639548608749514036703061278545785 0.495747858945313992281940847573743748136710734375290488769086
552 -0.2299439869537531229193244425368362757711662647114581333798 -0.540365524069598735144061796964356615489948595728266056029153 -0.024947265848713994385710606595085267377758623063516936614893
553 -0.091863297945324263832781031898239932953827010281061775811159 -0.302136885623506638275695131639548608749514036703061278545785 -0.495747858945313992281940847573743748136710734375290488769086
554 0.0721928986697535153563706891027123329783477719916031451659851 -0.353634659499232166964414366573431926213392451255856998327791 -0.463920484345159212069631955435388030648311558111953399632255
555 -0.378581925347946161350124973168517193591151074319373934942684 -0.448502226124274471311280765066116682536121585447204280217994 -0.0318273746001547802123088921383557174883991762633370891368318
556 -0.261771361553907903131633334675191993259565440974795222516632 -0.520695124794027986667651454168829015514469357438807425383979 0.0764450397244395230744298415289685848416370376163126563968988
557 0.0764450397244395230744298415289685848416370376163126563968988 0.261771361553907903131633334675191993259565440974795222516632 0.520695124794027986667651454168829015514469357438807425383979
558 0.2299439869537531229193244425368362757711662647114581333798 0.540365524069598735144061796964356615489948595728266056029153 -0.024947265848713994385710606595085267377758623063516936614893
559 0.0721928986697535153563706891027123329783477719916031451659851 0.353634659499232166964414366573431926213392451255856998327791 -0.463920484345159212069631955435388030648311558111953399632255
560 -0.024947265848713994385710606595085267377758623063516936614893 -0.2299439869537531229193244425368362757711662647114581333798 0.540365524069598735144061796964356615489948595728266056029153
561 0.448502226124274471311280765066116682536121585447204280217994 0.0318273746001547802123088921383557174883991762633370891368318 -0.378581925347946161350124973168517193591151074319373934942684
562 0.0318273746001547802123088921383557174883991762633370891368318 0.378581925347946161350124973168517193591151074319373934942684 0.448502226124274471311280765066116682536121585447204280217994
563 0.378581925347946161350124973168517193591151074319373934942684 0.448502226124274471311280765066116682536121585447204280217994 -0.0318273746001547802123088921383557174883991762633370891368318
564 -0.091863297945324263832781031898239932953827010281061775811159 0.302136885623506638275695131639548608749514036703061278545785 0.495747858945313992281940847573743748136710734375290488769086
565 -0.0764450397244395230744298415289685848416370376163126563968988 -0.261771361553907903131633334675191993259565440974795222516632 0.520695124794027986667651454168829015514469357438807425383979
566 0.091863297945324263832781031898239932953827010281061775811159 0.302136885623506638275695131639548608749514036703061278545785 -0.495747858945313992281940847573743748136710734375290488769086
567 -0.261771361553907903131633334675191993259565440974795222516632 -0.520695124794027986667651454168829015514469357438807425383979 -0.0764450397244395230744298415289685848416370376163126563968988
568 0.448502226124274471311280765066116682536121585447204280217994 -0.0318273746001547802123088921383557174883991762633370891368318 -0.378581925347946161350124973168517193591151074319373934942684
569 -0.495747858945313992281940847573743748136710734375290488769086 -0.091863297945324263832781031898239932953827010281061775811159 0.302136885623506638275695131639548608749514036703061278545785
570 0.378581925347946161350124973168517193591151074319373934942684 0.448502226124274471311280765066116682536121585447204280217994 0.0318273746001547802123088921383557174883991762633370891368318
571 0.0764450397244395230744298415289685848416370376163126563968988 -0.261771361553907903131633334675191993259565440974795222516632 0.520695124794027986667651454168829015514469357438807425383979
572 -0.378581925347946161350124973168517193591151074319373934942684 0.448502226124274471311280765066116682536121585447204280217994 -0.0318273746001547802123088921383557174883991762633370891368318
573 -0.024947265848713994385710606595085267377758623063516936614893 -0.2299439869537531229193244425368362757711662647114581333798 -0.540365524069598735144061796964356615489948595728266056029153
574 -0.540365524069598735144061796964356615489948595728266056029153 0.024947265848713994385710606595085267377758623063516936614893 0.2299439869537531229193244425368362757711662647114581333798
575 0.520695124794027986667651454168829015514469357438807425383979 -0.0764450397244395230744298415289685848416370376163126563968988 -0.261771361553907903131633334675191993259565440974795222516632
576 0.540365524069598735144061796964356615489948595728266056029153 -0.024947265848713994385710606595085267377758623063516936614893 0.2299439869537531229193244425368362757711662647114581333798
577 -0.378581925347946161350124973168517193591151074319373934942684 0.448502226124274471311280765066116682536121585447204280217994 0.0318273746001547802123088921383557174883991762633370891368318
578 0.540365524069598735144061796964356615489948595728266056029153 -0.024947265848713994385710606595085267377758623063516936614893 -0.2299439869537531229193244425368362757711662647114581333798
579 0.302136885623506638275695131639548608749514036703061278545785 -0.495747858945313992281940847573743748136710734375290488769086 0.091863297945324263832781031898239932953827010281061775811159
580 -0.448502226124274471311280765066116682536121585447204280217994 -0.0318273746001547802123088921383557174883991762633370891368318 -0.378581925347946161350124973168517193591151074319373934942684
581 -0.0318273746001547802123088921383557174883991762633370891368318 0.378581925347946161350124973168517193591151074319373934942684 -0.448502226124274471311280765066116682536121585447204280217994
582 0.378581925347946161350124973168517193591151074319373934942684 -0.448502226124274471311280765066116682536121585447204280217994 0.0318273746001547802123088921383557174883991762633370891368318
583 -0.520695124794027986667651454168829015514469357438807425383979 0.0764450397244395230744298415289685848416370376163126563968988 -0.261771361553907903131633334675191993259565440974795222516632
584 -0.302136885623506638275695131639548608749514036703061278545785 0.495747858945313992281940847573743748136710734375290488769086 0.091863297945324263832781031898239932953827010281061775811159
585 0.495747858945313992281940847573743748136710734375290488769086 -0.091863297945324263832781031898239932953827010281061775811159 -0.302136885623506638275695131639548608749514036703061278545785
586 -0.024947265848713994385710606595085267377758623063516936614893 0.2299439869537531229193244425368362757711662647114581333798 -0.540365524069598735144061796964356615489948595728266056029153
587 0.302136885623506638275695131639548608749514036703061278545785 0.495747858945313992281940847573743748136710734375290488769086 0.091863297945324263832781031898239932953827010281061775811159
588 0.091863297945324263832781031898239932953827010281061775811159 -0.302136885623506638275695131639548608749514036703061278545785 -0.495747858945313992281940847573743748136710734375290488769086
589 -0.378581925347946161350124973168517193591151074319373934942684 -0.448502226124274471311280765066116682536121585447204280217994 0.0318273746001547802123088921383557174883991762633370891368318
590 -0.091863297945324263832781031898239932953827010281061775811159 0.302136885623506638275695131639548608749514036703061278545785 -0.495747858945313992281940847573743748136710734375290488769086
591 -0.540365524069598735144061796964356615489948595728266056029153 -0.024947265848713994385710606595085267377758623063516936614893 0.2299439869537531229193244425368362757711662647114581333798
592 0.091863297945324263832781031898239932953827010281061775811159 0.302136885623506638275695131639548608749514036703061278545785 0.495747858945313992281940847573743748136710734375290488769086
593 -0.0764450397244395230744298415289685848416370376163126563968987 -0.261771361553907903131633334675191993259565440974795222516632 -0.520695124794027986667651454168829015514469357438807425383979
594 -0.0721928986697535153563706891027123329783477719916031451659851 -0.353634659499232166964414366573431926213392451255856998327791 -0.463920484345159212069631955435388030648311558111953399632255
595 -0.261771361553907903131633334675191993259565440974795222516632 0.520695124794027986667651454168829015514469357438807425383979 0.0764450397244395230744298415289685848416370376163126563968988
596 -0.2299439869537531229193244425368362757711662647114581333798 0.540365524069598735144061796964356615489948595728266056029153 -0.024947265848713994385710606595085267377758623063516936614893
597 0.2299439869537531229193244425368362757711662647114581333798 -0.540365524069598735144061796964356615489948595728266056029153 -0.024947265848713994385710606595085267377758623063516936614893
598 0.520695124794027986667651454168829015514469357438807425383979 0.0764450397244395230744298415289685848416370376163126563968988 -0.261771361553907903131633334675191993259565440974795222516632
599 -0.520695124794027986667651454168829015514469357438807425383979 -0.0764450397244395230744298415289685848416370376163126563968987 -0.261771361553907903131633334675191993259565440974795222516632
600 -0.36408423891339897486689151967873611559154762589367823274123 0.0840005599583297739565508308095108899047171491617476858935558 -0.453737893187316181695781106827665252003624501810328051034651
601 0.36408423891339897486689151967873611559154762589367823274123 -0.0840005599583297739565508308095108899047171491617476858935558 -0.453737893187316181695781106827665252003624501810328051034651
602 -0.453737893187316181695781106827665252003624501810328051034651 -0.36408423891339897486689151967873611559154762589367823274123 0.0840005599583297739565508308095108899047171491617476858935558
603 0.21099714768785960866609746984403166322996926648301374982524 -0.271419283258666403354207606439854768275304784222570014475025 -0.4767633366309385791479663199444681849979143239506816319004
604 -0.36408423891339897486689151967873611559154762589367823274123 -0.0840005599583297739565508308095108899047171491617476858935558 -0.453737893187316181695781106827665252003624501810328051034651
605 -0.453737893187316181695781106827665252003624501810328051034651 0.36408423891339897486689151967873611559154762589367823274123 -0.0840005599583297739565508308095108899047171491617476858935558
606 0.523166185472987332356431340011014784317781667432117901201256 -0.182318609928649778341573500387810483728319717587758036559626 0.196337896657407819821218616917086989453787891845878031908555
607 0.36408423891339897486689151967873611559154762589367823274123 0.0840005599583297739565508308095108899047171491617476858935558 -0.453737893187316181695781106827665252003624501810328051034651
608 0.453737893187316181695781106827665252003624501810328051034651 0.36408423891339897486689151967873611559154762589367823274123 0.0840005599583297739565508308095108899047171491617476858935558
609 0.0840005599583297739565508308095108899047171491617476858935558 -0.453737893187316181695781106827665252003624501810328051034651 -0.36408423891339897486689151967873611559154762589367823274123
610 -0.407335044345267428487316086761118652683757158328891781733795 -0.392762776672608805191415489134957295093197174788933946006844 -0.159081946559588357489539820332278668726234041538439668460026
611 -0.453737893187316181695781106827665252003624501810328051034651 0.36408423891339897486689151967873611559154762589367823274123 0.0840005599583297739565508308095108899047171491617476858935558
612 -0.21099714768785960866609746984403166322996926648301374982524 0.271419283258666403354207606439854768275304784222570014475025 -0.4767633366309385791479663199444681849979143239506816319004
613 -0.4767633366309385791479663199444681849979143239506816319004 0.21099714768785960866609746984403166322996926648301374982524 -0.271419283258666403354207606439854768275304784222570014475025
614 0.407335044345267428487316086761118652683757158328891781733795 -0.392762776672608805191415489134957295093197174788933946006844 0.159081946559588357489539820332278668726234041538439668460026
615 0.21099714768785960866609746984403166322996926648301374982524 0.271419283258666403354207606439854768275304784222570014475025 -0.4767633366309385791479663199444681849979143239506816319004
616 -0.453737893187316181695781106827665252003624501810328051034651 -0.36408423891339897486689151967873611559154762589367823274123 -0.0840005599583297739565508308095108899047171491617476858935558
617 0.159081946559588357489539820332278668726234041538439668460026 -0.407335044345267428487316086761118652683757158328891781733795 -0.392762776672608805191415489134957295093197174788933946006844
618 0.453737893187316181695781106827665252003624501810328051034651 -0.36408423891339897486689151967873611559154762589367823274123 -0.0840005599583297739565508308095108899047171491617476858935558
619 -0.0840005599583297739565508308095108899047171491617476858935558 -0.453737893187316181695781106827665252003624501810328051034651 0.36408423891339897486689151967873611559154762589367823274123
620 -0.0464028488420487532084650200665465993198673434814362693008562 0.112337336699078045864667786107576099549070742684130346014999 -0.57508138660125858353298898952276777882151689237669198256647
621 -0.523166185472987332356431340011014784317781667432117901201256 0.182318609928649778341573500387810483728319717587758036559626 0.196337896657407819821218616917086989453787891845878031908555
622 0.196337896657407819821218616917086989453787891845878031908555 0.523166185472987332356431340011014784317781667432117901201256 -0.182318609928649778341573500387810483728319717587758036559626
623 0.0464028488420487532084650200665465993198673434814362693008562 0.112337336699078045864667786107576099549070742684130346014999 0.57508138660125858353298898952276777882151689237669198256647
624 0.523166185472987332356431340011014784317781667432117901201256 0.182318609928649778341573500387810483728319717587758036559626 0.196337896657407819821218616917086989453787891845878031908555
625 0.57508138660125858353298898952276777882151689237669198256647 -0.0464028488420487532084650200665465993198673434814362693008562 0.112337336699078045864667786107576099549070742684130346014999
626 0.0840005599583297739565508308095108899047171491617476858935558 0.453737893187316181695781106827665252003624501810328051034651 0.36408423891339897486689151967873611559154762589367823274123
627 0.271419283258666403354207606439854768275304784222570014475025 0.4767633366309385791479663199444681849979143239506816319004 0.21099714768785960866609746984403166322996926648301374982524
628 0.453737893187316181695781106827665252003624501810328051034651 -0.36408423891339897486689151967873611559154762589367823274123 0.0840005599583297739565508308095108899047171491617476858935558
629 -0.0840005599583297739565508308095108899047171491617476858935558 0.453737893187316181695781106827665252003624501810328051034651 -0.36408423891339897486689151967873611559154762589367823274123
630 0.196337896657407819821218616917086989453787891845878031908555 -0.523166185472987332356431340011014784317781667432117901201256 0.182318609928649778341573500387810483728319717587758036559626
631 0.0840005599583297739565508308095108899047171491617476858935558 0.453737893187316181695781106827665252003624501810328051034651 -0.36408423891339897486689151967873611559154762589367823274123
632 0.407335044345267428487316086761118652683757158328891781733795 0.392762776672608805191415489134957295093197174788933946006844 -0.159081946559588357489539820332278668726234041538439668460026
633 -0.159081946559588357489539820332278668726234041538439668460026 -0.407335044345267428487316086761118652683757158328891781733795 -0.392762776672608805191415489134957295093197174788933946006844
634 -0.196337896657407819821218616917086989453787891845878031908555 -0.523166185472987332356431340011014784317781667432117901201256 -0.182318609928649778341573500387810483728319717587758036559626
635 -0.407335044345267428487316086761118652683757158328891781733795 0.392762776672608805191415489134957295093197174788933946006844 -0.159081946559588357489539820332278668726234041538439668460026
636 0.0840005599583297739565508308095108899047171491617476858935558 -0.453737893187316181695781106827665252003624501810328051034651 0.36408423891339897486689151967873611559154762589367823274123
637 -0.182318609928649778341573500387810483728319717587758036559626 0.196337896657407819821218616917086989453787891845878031908555 -0.523166185472987332356431340011014784317781667432117901201256
638 -0.4767633366309385791479663199444681849979143239506816319004 -0.21099714768785960866609746984403166322996926648301374982524 0.271419283258666403354207606439854768275304784222570014475025
639 -0.21099714768785960866609746984403166322996926648301374982524 -0.271419283258666403354207606439854768275304784222570014475025 -0.4767633366309385791479663199444681849979143239506816319004
640 0.4767633366309385791479663199444681849979143239506816319004 -0.21099714768785960866609746984403166322996926648301374982524 -0.271419283258666403354207606439854768275304784222570014475025
641 -0.271419283258666403354207606439854768275304784222570014475025 -0.4767633366309385791479663199444681849979143239506816319004 0.21099714768785960866609746984403166322996926648301374982524
642 0.0464028488420487532084650200665465993198673434814362693008562 -0.112337336699078045864667786107576099549070742684130346014999 -0.57508138660125858353298898952276777882151689237669198256647
643 -0.4767633366309385791479663199444681849979143239506816319004 -0.21099714768785960866609746984403166322996926648301374982524 -0.271419283258666403354207606439854768275304784222570014475025
644 -0.407335044345267428487316086761118652683757158328891781733795 0.392762776672608805191415489134957295093197174788933946006844 0.159081946559588357489539820332278668726234041538439668460026
645 0.159081946559588357489539820332278668726234041538439668460026 0.407335044345267428487316086761118652683757158328891781733795 -0.392762776672608805191415489134957295093197174788933946006844
646 -0.0464028488420487532084650200665465993198673434814362693008562 -0.112337336699078045864667786107576099549070742684130346014999 0.57508138660125858353298898952276777882151689237669198256647
647 0.407335044345267428487316086761118652683757158328891781733795 0.392762776672608805191415489134957295093197174788933946006844 0.159081946559588357489539820332278668726234041538439668460026
648 -0.4767633366309385791479663199444681849979143239506816319004 0.21099714768785960866609746984403166322996926648301374982524 0.271419283258666403354207606439854768275304784222570014475025
649 0.57508138660125858353298898952276777882151689237669198256647 0.0464028488420487532084650200665465993198673434814362693008562 -0.112337336699078045864667786107576099549070742684130346014999
650 0.453737893187316181695781106827665252003624501810328051034651 0.36408423891339897486689151967873611559154762589367823274123 -0.0840005599583297739565508308095108899047171491617476858935558
651 -0.0840005599583297739565508308095108899047171491617476858935558 -0.453737893187316181695781106827665252003624501810328051034651 -0.36408423891339897486689151967873611559154762589367823274123
652 -0.271419283258666403354207606439854768275304784222570014475025 -0.4767633366309385791479663199444681849979143239506816319004 -0.21099714768785960866609746984403166322996926648301374982524
653 -0.159081946559588357489539820332278668726234041538439668460026 0.407335044345267428487316086761118652683757158328891781733795 -0.392762776672608805191415489134957295093197174788933946006844
654 -0.392762776672608805191415489134957295093197174788933946006844 0.159081946559588357489539820332278668726234041538439668460026 -0.407335044345267428487316086761118652683757158328891781733795
655 0.271419283258666403354207606439854768275304784222570014475025 -0.4767633366309385791479663199444681849979143239506816319004 0.21099714768785960866609746984403166322996926648301374982524
656 0.182318609928649778341573500387810483728319717587758036559626 -0.196337896657407819821218616917086989453787891845878031908555 0.523166185472987332356431340011014784317781667432117901201256
657 -0.0840005599583297739565508308095108899047171491617476858935558 0.453737893187316181695781106827665252003624501810328051034651 0.36408423891339897486689151967873611559154762589367823274123
658 -0.57508138660125858353298898952276777882151689237669198256647 -0.0464028488420487532084650200665465993198673434814362693008562 0.112337336699078045864667786107576099549070742684130346014999
659 -0.0464028488420487532084650200665465993198673434814362693008562 -0.112337336699078045864667786107576099549070742684130346014999 -0.57508138660125858353298898952276777882151689237669198256647
660 -0.523166185472987332356431340011014784317781667432117901201256 -0.182318609928649778341573500387810483728319717587758036559626 0.196337896657407819821218616917086989453787891845878031908555
661 -0.182318609928649778341573500387810483728319717587758036559626 0.196337896657407819821218616917086989453787891845878031908555 0.523166185472987332356431340011014784317781667432117901201256
662 0.196337896657407819821218616917086989453787891845878031908555 -0.523166185472987332356431340011014784317781667432117901201256 -0.182318609928649778341573500387810483728319717587758036559626
663 0.57508138660125858353298898952276777882151689237669198256647 0.0464028488420487532084650200665465993198673434814362693008562 0.112337336699078045864667786107576099549070742684130346014999
664 0.0464028488420487532084650200665465993198673434814362693008562 -0.112337336699078045864667786107576099549070742684130346014999 0.57508138660125858353298898952276777882151689237669198256647
665 0.196337896657407819821218616917086989453787891845878031908555 0.523166185472987332356431340011014784317781667432117901201256 0.182318609928649778341573500387810483728319717587758036559626
666 0.159081946559588357489539820332278668726234041538439668460026 0.407335044345267428487316086761118652683757158328891781733795 0.392762776672608805191415489134957295093197174788933946006844
667 -0.57508138660125858353298898952276777882151689237669198256647 0.0464028488420487532084650200665465993198673434814362693008562 0.112337336699078045864667786107576099549070742684130346014999
668 0.112337336699078045864667786107576099549070742684130346014999 0.57508138660125858353298898952276777882151689237669198256647 -0.0464028488420487532084650200665465993198673434814362693008562
669 0.182318609928649778341573500387810483728319717587758036559626 0.196337896657407819821218616917086989453787891845878031908555 0.523166185472987332356431340011014784317781667432117901201256
670 0.36408423891339897486689151967873611559154762589367823274123 0.0840005599583297739565508308095108899047171491617476858935558 0.453737893187316181695781106827665252003624501810328051034651
671 -0.112337336699078045864667786107576099549070742684130346014999 0.57508138660125858353298898952276777882151689237669198256647 -0.0464028488420487532084650200665465993198673434814362693008562
672 0.21099714768785960866609746984403166322996926648301374982524 0.271419283258666403354207606439854768275304784222570014475025 0.4767633366309385791479663199444681849979143239506816319004
673 0.112337336699078045864667786107576099549070742684130346014999 0.57508138660125858353298898952276777882151689237669198256647 0.0464028488420487532084650200665465993198673434814362693008562
674 -0.36408423891339897486689151967873611559154762589367823274123 -0.0840005599583297739565508308095108899047171491617476858935558 0.453737893187316181695781106827665252003624501810328051034651
675 0.392762776672608805191415489134957295093197174788933946006844 0.159081946559588357489539820332278668726234041538439668460026 -0.407335044345267428487316086761118652683757158328891781733795
676 -0.196337896657407819821218616917086989453787891845878031908555 0.523166185472987332356431340011014784317781667432117901201256 0.182318609928649778341573500387810483728319717587758036559626
677 0.182318609928649778341573500387810483728319717587758036559626 0.196337896657407819821218616917086989453787891845878031908555 -0.523166185472987332356431340011014784317781667432117901201256
678 -0.21099714768785960866609746984403166322996926648301374982524 -0.271419283258666403354207606439854768275304784222570014475025 0.4767633366309385791479663199444681849979143239506816319004
679 -0.36408423891339897486689151967873611559154762589367823274123 0.0840005599583297739565508308095108899047171491617476858935558 0.453737893187316181695781106827665252003624501810328051034651
680 0.4767633366309385791479663199444681849979143239506816319004 0.21099714768785960866609746984403166322996926648301374982524 -0.271419283258666403354207606439854768275304784222570014475025
681 -0.159081946559588357489539820332278668726234041538439668460026 0.407335044345267428487316086761118652683757158328891781733795 0.392762776672608805191415489134957295093197174788933946006844
682 0.407335044345267428487316086761118652683757158328891781733795 -0.392762776672608805191415489134957295093197174788933946006844 -0.159081946559588357489539820332278668726234041538439668460026
683 -0.392762776672608805191415489134957295093197174788933946006844 -0.159081946559588357489539820332278668726234041538439668460026 -0.407335044345267428487316086761118652683757158328891781733795
684 0.112337336699078045864667786107576099549070742684130346014999 -0.57508138660125858353298898952276777882151689237669198256647 -0.0464028488420487532084650200665465993198673434814362693008562
685 -0.182318609928649778341573500387810483728319717587758036559626 -0.196337896657407819821218616917086989453787891845878031908555 -0.523166185472987332356431340011014784317781667432117901201256
686 -0.112337336699078045864667786107576099549070742684130346014999 -0.57508138660125858353298898952276777882151689237669198256647 0.0464028488420487532084650200665465993198673434814362693008562
687 -0.196337896657407819821218616917086989453787891845878031908555 0.523166185472987332356431340011014784317781667432117901201256 -0.182318609928649778341573500387810483728319717587758036559626
688 -0.159081946559588357489539820332278668726234041538439668460026 -0.407335044345267428487316086761118652683757158328891781733795 0.392762776672608805191415489134957295093197174788933946006844
689 0.0464028488420487532084650200665465993198673434814362693008562 0.112337336699078045864667786107576099549070742684130346014999 -0.57508138660125858353298898952276777882151689237669198256647
690 -0.392762776672608805191415489134957295093197174788933946006844 -0.159081946559588357489539820332278668726234041538439668460026 0.407335044345267428487316086761118652683757158328891781733795
691 0.182318609928649778341573500387810483728319717587758036559626 -0.196337896657407819821218616917086989453787891845878031908555 -0.523166185472987332356431340011014784317781667432117901201256
692 0.392762776672608805191415489134957295093197174788933946006844 -0.159081946559588357489539820332278668726234041538439668460026 -0.407335044345267428487316086761118652683757158328891781733795
693 0.4767633366309385791479663199444681849979143239506816319004 0.21099714768785960866609746984403166322996926648301374982524 0.271419283258666403354207606439854768275304784222570014475025
694 0.271419283258666403354207606439854768275304784222570014475025 -0.4767633366309385791479663199444681849979143239506816319004 -0.21099714768785960866609746984403166322996926648301374982524
695 -0.523166185472987332356431340011014784317781667432117901201256 -0.182318609928649778341573500387810483728319717587758036559626 -0.196337896657407819821218616917086989453787891845878031908555
696 -0.271419283258666403354207606439854768275304784222570014475025 0.4767633366309385791479663199444681849979143239506816319004 -0.21099714768785960866609746984403166322996926648301374982524
697 0.392762776672608805191415489134957295093197174788933946006844 -0.159081946559588357489539820332278668726234041538439668460026 0.407335044345267428487316086761118652683757158328891781733795
698 -0.271419283258666403354207606439854768275304784222570014475025 0.4767633366309385791479663199444681849979143239506816319004 0.21099714768785960866609746984403166322996926648301374982524
699 -0.57508138660125858353298898952276777882151689237669198256647 0.0464028488420487532084650200665465993198673434814362693008562 -0.112337336699078045864667786107576099549070742684130346014999
700 0.159081946559588357489539820332278668726234041538439668460026 -0.407335044345267428487316086761118652683757158328891781733795 0.392762776672608805191415489134957295093197174788933946006844
701 -0.407335044345267428487316086761118652683757158328891781733795 -0.392762776672608805191415489134957295093197174788933946006844 0.159081946559588357489539820332278668726234041538439668460026
702 -0.392762776672608805191415489134957295093197174788933946006844 0.159081946559588357489539820332278668726234041538439668460026 0.407335044345267428487316086761118652683757158328891781733795
703 0.523166185472987332356431340011014784317781667432117901201256 0.182318609928649778341573500387810483728319717587758036559627 -0.196337896657407819821218616917086989453787891845878031908555
704 0.57508138660125858353298898952276777882151689237669198256647 -0.0464028488420487532084650200665465993198673434814362693008562 -0.112337336699078045864667786107576099549070742684130346014999
705 -0.0464028488420487532084650200665465993198673434814362693008562 0.112337336699078045864667786107576099549070742684130346014999 0.57508138660125858353298898952276777882151689237669198256647
706 0.4767633366309385791479663199444681849979143239506816319004 -0.21099714768785960866609746984403166322996926648301374982524 0.271419283258666403354207606439854768275304784222570014475025
707 -0.57508138660125858353298898952276777882151689237669198256647 -0.0464028488420487532084650200665465993198673434814362693008562 -0.112337336699078045864667786107576099549070742684130346014999
708 -0.112337336699078045864667786107576099549070742684130346014999 0.57508138660125858353298898952276777882151689237669198256647 0.0464028488420487532084650200665465993198673434814362693008562
709 0.392762776672608805191415489134957295093197174788933946006844 0.159081946559588357489539820332278668726234041538439668460026 0.407335044345267428487316086761118652683757158328891781733795
710 0.112337336699078045864667786107576099549070742684130346014999 -0.57508138660125858353298898952276777882151689237669198256647 0.0464028488420487532084650200665465993198673434814362693008562
711 0.271419283258666403354207606439854768275304784222570014475025 0.4767633366309385791479663199444681849979143239506816319004 -0.21099714768785960866609746984403166322996926648301374982524
712 -0.112337336699078045864667786107576099549070742684130346014999 -0.57508138660125858353298898952276777882151689237669198256647 -0.0464028488420487532084650200665465993198673434814362693008562
713 -0.182318609928649778341573500387810483728319717587758036559627 -0.196337896657407819821218616917086989453787891845878031908555 0.523166185472987332356431340011014784317781667432117901201256
714 0.36408423891339897486689151967873611559154762589367823274123 -0.0840005599583297739565508308095108899047171491617476858935558 0.453737893187316181695781106827665252003624501810328051034651
715 -0.196337896657407819821218616917086989453787891845878031908555 -0.523166185472987332356431340011014784317781667432117901201256 0.182318609928649778341573500387810483728319717587758036559626
716 0.21099714768785960866609746984403166322996926648301374982524 -0.271419283258666403354207606439854768275304784222570014475025 0.4767633366309385791479663199444681849979143239506816319004
717 -0.21099714768785960866609746984403166322996926648301374982524 0.271419283258666403354207606439854768275304784222570014475025 0.4767633366309385791479663199444681849979143239506816319004
718 -0.523166185472987332356431340011014784317781667432117901201256 0.182318609928649778341573500387810483728319717587758036559626 -0.196337896657407819821218616917086989453787891845878031908555
719 0.523166185472987332356431340011014784317781667432117901201256 -0.182318609928649778341573500387810483728319717587758036559627 -0.196337896657407819821218616917086989453787891845878031908555
720 -0.583447579014429192140295349712626038039625339879909845515533 0.0515734401098096927601506353535970246464392695717010282210433 0.0491996507098126184680433826857392650979490478798247290289732
721 0.583447579014429192140295349712626038039625339879909845515533 -0.0515734401098096927601506353535970246464392695717010282210433 0.0491996507098126184680433826857392650979490478798247290289732
722 0.0491996507098126184680433826857392650979490478798247290289732 -0.583447579014429192140295349712626038039625339879909845515533 0.0515734401098096927601506353535970246464392695717010282210433
723 -0.315590073596454699576737473411402473910625370614545375892179 -0.113971602380257653127052660069025390184509735857423942372131 -0.482602198617854456918804554409585244057898022574314169245501
724 -0.583447579014429192140295349712626038039625339879909845515533 -0.0515734401098096927601506353535970246464392695717010282210433 0.0491996507098126184680433826857392650979490478798247290289732
725 0.0491996507098126184680433826857392650979490478798247290289732 0.583447579014429192140295349712626038039625339879909845515533 -0.0515734401098096927601506353535970246464392695717010282210433
726 0.235983366513354993183413161942194550735813898957155652328864 0.163171253090070271595096042754764655282458783737248671401104 0.513009254991141544844085483193053902134760446351879163779842
727 0.583447579014429192140295349712626038039625339879909845515533 0.0515734401098096927601506353535970246464392695717010282210433 0.0491996507098126184680433826857392650979490478798247290289732
728 -0.0491996507098126184680433826857392650979490478798247290289732 0.583447579014429192140295349712626038039625339879909845515533 0.0515734401098096927601506353535970246464392695717010282210433
729 0.0515734401098096927601506353535970246464392695717010282210433 0.0491996507098126184680433826857392650979490478798247290289732 -0.583447579014429192140295349712626038039625339879909845515533
730 -0.197419181394686845267348009781651428224135075737333787887664 -0.431028758508044764158653919055988219411458753002613141024458 0.347464212501074198956882187770431487303811440922754193186668
731 0.0491996507098126184680433826857392650979490478798247290289732 0.583447579014429192140295349712626038039625339879909845515533 0.0515734401098096927601506353535970246464392695717010282210433
732 0.315590073596454699576737473411402473910625370614545375892179 0.113971602380257653127052660069025390184509735857423942372131 -0.482602198617854456918804554409585244057898022574314169245501
733 -0.482602198617854456918804554409585244057898022574314169245501 -0.315590073596454699576737473411402473910625370614545375892179 -0.113971602380257653127052660069025390184509735857423942372131
734 0.197419181394686845267348009781651428224135075737333787887664 -0.431028758508044764158653919055988219411458753002613141024458 -0.347464212501074198956882187770431487303811440922754193186668
735 -0.315590073596454699576737473411402473910625370614545375892179 0.113971602380257653127052660069025390184509735857423942372131 -0.482602198617854456918804554409585244057898022574314169245501
736 0.0491996507098126184680433826857392650979490478798247290289732 -0.583447579014429192140295349712626038039625339879909845515533 -0.0515734401098096927601506353535970246464392695717010282210433
737 -0.347464212501074198956882187770431487303811440922754193186668 -0.197419181394686845267348009781651428224135075737333787887664 -0.431028758508044764158653919055988219411458753002613141024458
738 -0.0491996507098126184680433826857392650979490478798247290289732 -0.583447579014429192140295349712626038039625339879909845515533 -0.0515734401098096927601506353535970246464392695717010282210433
739 -0.0515734401098096927601506353535970246464392695717010282210433 0.0491996507098126184680433826857392650979490478798247290289732 0.583447579014429192140295349712626038039625339879909845515533
740 0.246618832104499463735391392467390693322084123617158516916637 0.461435814881331852083934847839456877488321176780178135558799 -0.267857505417974492563557876301223564128999969265364469623354
741 -0.235983366513354993183413161942194550735813898957155652328864 -0.163171253090070271595096042754764655282458783737248671401104 0.513009254991141544844085483193053902134760446351879163779842
742 0.513009254991141544844085483193053902134760446351879163779842 0.235983366513354993183413161942194550735813898957155652328864 0.163171253090070271595096042754764655282458783737248671401104
743 -0.246618832104499463735391392467390693322084123617158516916637 0.461435814881331852083934847839456877488321176780178135558799 0.267857505417974492563557876301223564128999969265364469623354
744 0.235983366513354993183413161942194550735813898957155652328864 -0.163171253090070271595096042754764655282458783737248671401104 0.513009254991141544844085483193053902134760446351879163779842
745 0.267857505417974492563557876301223564128999969265364469623354 0.246618832104499463735391392467390693322084123617158516916637 0.461435814881331852083934847839456877488321176780178135558799
746 0.0515734401098096927601506353535970246464392695717010282210433 -0.0491996507098126184680433826857392650979490478798247290289732 0.583447579014429192140295349712626038039625339879909845515533
747 0.113971602380257653127052660069025390184509735857423942372131 0.482602198617854456918804554409585244057898022574314169245501 -0.315590073596454699576737473411402473910625370614545375892179
748 -0.0491996507098126184680433826857392650979490478798247290289732 -0.583447579014429192140295349712626038039625339879909845515533 0.0515734401098096927601506353535970246464392695717010282210433
749 -0.0515734401098096927601506353535970246464392695717010282210433 -0.0491996507098126184680433826857392650979490478798247290289732 -0.583447579014429192140295349712626038039625339879909845515533
750 0.513009254991141544844085483193053902134760446351879163779842 -0.235983366513354993183413161942194550735813898957155652328864 -0.163171253090070271595096042754764655282458783737248671401104
751 0.0515734401098096927601506353535970246464392695717010282210433 -0.0491996507098126184680433826857392650979490478798247290289732 -0.583447579014429192140295349712626038039625339879909845515533
752 0.197419181394686845267348009781651428224135075737333787887664 0.431028758508044764158653919055988219411458753002613141024458 0.347464212501074198956882187770431487303811440922754193186668
753 0.347464212501074198956882187770431487303811440922754193186668 -0.197419181394686845267348009781651428224135075737333787887664 -0.431028758508044764158653919055988219411458753002613141024458
754 -0.513009254991141544844085483193053902134760446351879163779842 -0.235983366513354993183413161942194550735813898957155652328864 0.163171253090070271595096042754764655282458783737248671401104
755 -0.197419181394686845267348009781651428224135075737333787887664 0.431028758508044764158653919055988219411458753002613141024458 0.347464212501074198956882187770431487303811440922754193186668
756 0.0515734401098096927601506353535970246464392695717010282210433 0.0491996507098126184680433826857392650979490478798247290289732 0.583447579014429192140295349712626038039625339879909845515533
757 0.163171253090070271595096042754764655282458783737248671401104 0.513009254991141544844085483193053902134760446351879163779842 -0.235983366513354993183413161942194550735813898957155652328864
758 -0.482602198617854456918804554409585244057898022574314169245501 0.315590073596454699576737473411402473910625370614545375892179 0.113971602380257653127052660069025390184509735857423942372131
759 0.315590073596454699576737473411402473910625370614545375892179 -0.113971602380257653127052660069025390184509735857423942372131 -0.482602198617854456918804554409585244057898022574314169245501
760 0.482602198617854456918804554409585244057898022574314169245501 0.315590073596454699576737473411402473910625370614545375892179 -0.113971602380257653127052660069025390184509735857423942372131
761 -0.113971602380257653127052660069025390184509735857423942372131 -0.482602198617854456918804554409585244057898022574314169245501 -0.315590073596454699576737473411402473910625370614545375892179
762 -0.246618832104499463735391392467390693322084123617158516916637 -0.461435814881331852083934847839456877488321176780178135558799 -0.267857505417974492563557876301223564128999969265364469623354
763 -0.482602198617854456918804554409585244057898022574314169245501 0.315590073596454699576737473411402473910625370614545375892179 -0.113971602380257653127052660069025390184509735857423942372131
764 -0.197419181394686845267348009781651428224135075737333787887664 0.431028758508044764158653919055988219411458753002613141024458 -0.347464212501074198956882187770431487303811440922754193186668
765 -0.347464212501074198956882187770431487303811440922754193186668 0.197419181394686845267348009781651428224135075737333787887664 -0.431028758508044764158653919055988219411458753002613141024458
766 0.246618832104499463735391392467390693322084123617158516916637 -0.461435814881331852083934847839456877488321176780178135558799 0.267857505417974492563557876301223564128999969265364469623354
767 0.197419181394686845267348009781651428224135075737333787887664 0.431028758508044764158653919055988219411458753002613141024458 -0.347464212501074198956882187770431487303811440922754193186668
768 -0.482602198617854456918804554409585244057898022574314169245501 -0.315590073596454699576737473411402473910625370614545375892179 0.113971602380257653127052660069025390184509735857423942372131
769 0.267857505417974492563557876301223564128999969265364469623354 -0.246618832104499463735391392467390693322084123617158516916637 -0.461435814881331852083934847839456877488321176780178135558799
770 -0.0491996507098126184680433826857392650979490478798247290289732 0.583447579014429192140295349712626038039625339879909845515533 -0.0515734401098096927601506353535970246464392695717010282210433
771 -0.0515734401098096927601506353535970246464392695717010282210433 0.0491996507098126184680433826857392650979490478798247290289732 -0.583447579014429192140295349712626038039625339879909845515533
772 -0.113971602380257653127052660069025390184509735857423942372131 -0.482602198617854456918804554409585244057898022574314169245501 0.315590073596454699576737473411402473910625370614545375892179
773 0.347464212501074198956882187770431487303811440922754193186668 0.197419181394686845267348009781651428224135075737333787887664 -0.431028758508044764158653919055988219411458753002613141024458
774 -0.431028758508044764158653919055988219411458753002613141024458 -0.347464212501074198956882187770431487303811440922754193186668 -0.197419181394686845267348009781651428224135075737333787887664
775 0.113971602380257653127052660069025390184509735857423942372131 -0.482602198617854456918804554409585244057898022574314169245501 -0.315590073596454699576737473411402473910625370614545375892179
776 -0.163171253090070271595096042754764655282458783737248671401104 -0.513009254991141544844085483193053902134760446351879163779842 0.235983366513354993183413161942194550735813898957155652328864
777 -0.0515734401098096927601506353535970246464392695717010282210433 -0.0491996507098126184680433826857392650979490478798247290289732 0.583447579014429192140295349712626038039625339879909845515533
778 -0.267857505417974492563557876301223564128999969265364469623354 0.246618832104499463735391392467390693322084123617158516916637 0.461435814881331852083934847839456877488321176780178135558799
779 0.246618832104499463735391392467390693322084123617158516916637 -0.461435814881331852083934847839456877488321176780178135558799 -0.267857505417974492563557876301223564128999969265364469623354
780 -0.235983366513354993183413161942194550735813898957155652328864 0.163171253090070271595096042754764655282458783737248671401104 0.513009254991141544844085483193053902134760446351879163779842
781 0.163171253090070271595096042754764655282458783737248671401104 0.513009254991141544844085483193053902134760446351879163779842 0.235983366513354993183413161942194550735813898957155652328864
782 0.513009254991141544844085483193053902134760446351879163779842 -0.235983366513354993183413161942194550735813898957155652328864 0.163171253090070271595096042754764655282458783737248671401104
783 0.267857505417974492563557876301223564128999969265364469623354 -0.246618832104499463735391392467390693322084123617158516916637 0.461435814881331852083934847839456877488321176780178135558799
784 -0.246618832104499463735391392467390693322084123617158516916637 -0.461435814881331852083934847839456877488321176780178135558799 0.267857505417974492563557876301223564128999969265364469623354
785 0.513009254991141544844085483193053902134760446351879163779842 0.235983366513354993183413161942194550735813898957155652328864 -0.163171253090070271595096042754764655282458783737248671401104
786 -0.347464212501074198956882187770431487303811440922754193186668 0.197419181394686845267348009781651428224135075737333787887664 0.431028758508044764158653919055988219411458753002613141024458
787 -0.267857505417974492563557876301223564128999969265364469623354 -0.246618832104499463735391392467390693322084123617158516916637 0.461435814881331852083934847839456877488321176780178135558799
788 0.461435814881331852083934847839456877488321176780178135558799 0.267857505417974492563557876301223564128999969265364469623354 0.246618832104499463735391392467390693322084123617158516916637
789 -0.163171253090070271595096042754764655282458783737248671401104 0.513009254991141544844085483193053902134760446351879163779842 0.235983366513354993183413161942194550735813898957155652328864
790 0.583447579014429192140295349712626038039625339879909845515533 0.0515734401098096927601506353535970246464392695717010282210433 -0.0491996507098126184680433826857392650979490478798247290289732
791 -0.461435814881331852083934847839456877488321176780178135558799 0.267857505417974492563557876301223564128999969265364469623354 0.246618832104499463735391392467390693322084123617158516916637
792 -0.315590073596454699576737473411402473910625370614545375892179 0.113971602380257653127052660069025390184509735857423942372131 0.482602198617854456918804554409585244057898022574314169245501
793 0.461435814881331852083934847839456877488321176780178135558799 0.267857505417974492563557876301223564128999969265364469623354 -0.246618832104499463735391392467390693322084123617158516916637
794 -0.583447579014429192140295349712626038039625339879909845515533 -0.0515734401098096927601506353535970246464392695717010282210433 -0.0491996507098126184680433826857392650979490478798247290289732
795 0.431028758508044764158653919055988219411458753002613141024458 -0.347464212501074198956882187770431487303811440922754193186668 -0.197419181394686845267348009781651428224135075737333787887664
796 -0.513009254991141544844085483193053902134760446351879163779842 0.235983366513354993183413161942194550735813898957155652328864 -0.163171253090070271595096042754764655282458783737248671401104
797 -0.163171253090070271595096042754764655282458783737248671401104 0.513009254991141544844085483193053902134760446351879163779842 -0.235983366513354993183413161942194550735813898957155652328864
798 0.315590073596454699576737473411402473910625370614545375892179 -0.113971602380257653127052660069025390184509735857423942372131 0.482602198617854456918804554409585244057898022574314169245501
799 -0.583447579014429192140295349712626038039625339879909845515533 0.0515734401098096927601506353535970246464392695717010282210433 -0.0491996507098126184680433826857392650979490478798247290289732
800 0.482602198617854456918804554409585244057898022574314169245501 -0.315590073596454699576737473411402473910625370614545375892179 -0.113971602380257653127052660069025390184509735857423942372131
801 0.347464212501074198956882187770431487303811440922754193186668 0.197419181394686845267348009781651428224135075737333787887664 0.431028758508044764158653919055988219411458753002613141024458
802 0.197419181394686845267348009781651428224135075737333787887664 -0.431028758508044764158653919055988219411458753002613141024458 0.347464212501074198956882187770431487303811440922754193186668
803 -0.431028758508044764158653919055988219411458753002613141024458 0.347464212501074198956882187770431487303811440922754193186668 -0.197419181394686845267348009781651428224135075737333787887664
804 0.461435814881331852083934847839456877488321176780178135558799 -0.267857505417974492563557876301223564128999969265364469623354 0.246618832104499463735391392467390693322084123617158516916637
805 0.163171253090070271595096042754764655282458783737248671401104 -0.513009254991141544844085483193053902134760446351879163779842 -0.235983366513354993183413161942194550735813898957155652328864
806 -0.461435814881331852083934847839456877488321176780178135558799 -0.267857505417974492563557876301223564128999969265364469623354 -0.246618832104499463735391392467390693322084123617158516916637
807 -0.513009254991141544844085483193053902134760446351879163779842 0.235983366513354993183413161942194550735813898957155652328864 0.163171253090070271595096042754764655282458783737248671401104
808 0.347464212501074198956882187770431487303811440922754193186668 -0.197419181394686845267348009781651428224135075737333787887664 0.431028758508044764158653919055988219411458753002613141024458
809 -0.246618832104499463735391392467390693322084123617158516916637 0.461435814881331852083934847839456877488321176780178135558799 -0.267857505417974492563557876301223564128999969265364469623354
810 -0.431028758508044764158653919055988219411458753002613141024458 0.347464212501074198956882187770431487303811440922754193186668 0.197419181394686845267348009781651428224135075737333787887664
811 -0.163171253090070271595096042754764655282458783737248671401104 -0.513009254991141544844085483193053902134760446351879163779842 -0.235983366513354993183413161942194550735813898957155652328864
812 0.431028758508044764158653919055988219411458753002613141024458 0.347464212501074198956882187770431487303811440922754193186668 -0.197419181394686845267348009781651428224135075737333787887664
813 0.482602198617854456918804554409585244057898022574314169245501 -0.315590073596454699576737473411402473910625370614545375892179 0.113971602380257653127052660069025390184509735857423942372131
814 0.113971602380257653127052660069025390184509735857423942372131 -0.482602198617854456918804554409585244057898022574314169245501 0.315590073596454699576737473411402473910625370614545375892179
815 -0.235983366513354993183413161942194550735813898957155652328864 0.163171253090070271595096042754764655282458783737248671401104 -0.513009254991141544844085483193053902134760446351879163779842
816 -0.113971602380257653127052660069025390184509735857423942372131 0.482602198617854456918804554409585244057898022574314169245501 0.315590073596454699576737473411402473910625370614545375892179
817 0.431028758508044764158653919055988219411458753002613141024458 0.347464212501074198956882187770431487303811440922754193186668 0.197419181394686845267348009781651428224135075737333787887664
818 -0.113971602380257653127052660069025390184509735857423942372131 0.482602198617854456918804554409585244057898022574314169245501 -0.315590073596454699576737473411402473910625370614545375892179
819 -0.267857505417974492563557876301223564128999969265364469623354 -0.246618832104499463735391392467390693322084123617158516916637 -0.461435814881331852083934847839456877488321176780178135558799
820 -0.347464212501074198956882187770431487303811440922754193186668 -0.197419181394686845267348009781651428224135075737333787887664 0.431028758508044764158653919055988219411458753002613141024458
821 -0.197419181394686845267348009781651428224135075737333787887664 -0.431028758508044764158653919055988219411458753002613141024458 -0.347464212501074198956882187770431487303811440922754193186668
822 -0.431028758508044764158653919055988219411458753002613141024458 -0.347464212501074198956882187770431487303811440922754193186668 0.197419181394686845267348009781651428224135075737333787887664
823 0.235983366513354993183413161942194550735813898957155652328864 -0.163171253090070271595096042754764655282458783737248671401104 -0.513009254991141544844085483193053902134760446351879163779842
824 0.267857505417974492563557876301223564128999969265364469623354 0.246618832104499463735391392467390693322084123617158516916637 -0.461435814881331852083934847839456877488321176780178135558799
825 0.246618832104499463735391392467390693322084123617158516916637 0.461435814881331852083934847839456877488321176780178135558799 0.267857505417974492563557876301223564128999969265364469623354
826 0.482602198617854456918804554409585244057898022574314169245501 0.315590073596454699576737473411402473910625370614545375892179 0.113971602380257653127052660069025390184509735857423942372131
827 -0.267857505417974492563557876301223564128999969265364469623354 0.246618832104499463735391392467390693322084123617158516916637 -0.461435814881331852083934847839456877488321176780178135558799
828 -0.461435814881331852083934847839456877488321176780178135558799 0.267857505417974492563557876301223564128999969265364469623354 -0.246618832104499463735391392467390693322084123617158516916637
829 0.431028758508044764158653919055988219411458753002613141024458 -0.347464212501074198956882187770431487303811440922754193186668 0.197419181394686845267348009781651428224135075737333787887664
830 0.461435814881331852083934847839456877488321176780178135558799 -0.267857505417974492563557876301223564128999969265364469623354 -0.246618832104499463735391392467390693322084123617158516916637
831 0.113971602380257653127052660069025390184509735857423942372131 0.482602198617854456918804554409585244057898022574314169245501 0.315590073596454699576737473411402473910625370614545375892179
832 -0.461435814881331852083934847839456877488321176780178135558799 -0.267857505417974492563557876301223564128999969265364469623354 0.246618832104499463735391392467390693322084123617158516916637
833 0.163171253090070271595096042754764655282458783737248671401104 -0.513009254991141544844085483193053902134760446351879163779842 0.235983366513354993183413161942194550735813898957155652328864
834 0.583447579014429192140295349712626038039625339879909845515533 -0.0515734401098096927601506353535970246464392695717010282210433 -0.0491996507098126184680433826857392650979490478798247290289732
835 -0.513009254991141544844085483193053902134760446351879163779842 -0.235983366513354993183413161942194550735813898957155652328864 -0.163171253090070271595096042754764655282458783737248671401104
836 -0.315590073596454699576737473411402473910625370614545375892179 -0.113971602380257653127052660069025390184509735857423942372131 0.482602198617854456918804554409585244057898022574314169245501
837 0.315590073596454699576737473411402473910625370614545375892179 0.113971602380257653127052660069025390184509735857423942372131 0.482602198617854456918804554409585244057898022574314169245501
838 -0.235983366513354993183413161942194550735813898957155652328864 -0.163171253090070271595096042754764655282458783737248671401104 -0.513009254991141544844085483193053902134760446351879163779842
839 0.235983366513354993183413161942194550735813898957155652328864 0.163171253090070271595096042754764655282458783737248671401104 -0.513009254991141544844085483193053902134760446351879163779842
840 -0.437601837729552039633097975284571634461929533714277085848912 -0.0385641851186681479160651521605431225116788232198218644412008 0.390523927633606321540833592609139704679299723987219865317565
841 0.437601837729552039633097975284571634461929533714277085848912 0.0385641851186681479160651521605431225116788232198218644412008 0.390523927633606321540833592609139704679299723987219865317565
842 0.390523927633606321540833592609139704679299723987219865317565 -0.437601837729552039633097975284571634461929533714277085848912 -0.0385641851186681479160651521605431225116788232198218644412008
843 -0.546658401606305586390861198407744057486877355125145897766971 0.0288364780534395424938516514357177013963767455092186922699769 -0.214066700584745084373153565889706457746296333847310496688328
844 -0.437601837729552039633097975284571634461929533714277085848912 0.0385641851186681479160651521605431225116788232198218644412008 0.390523927633606321540833592609139704679299723987219865317565
845 0.390523927633606321540833592609139704679299723987219865317565 0.437601837729552039633097975284571634461929533714277085848912 0.0385641851186681479160651521605431225116788232198218644412008
846 -0.0852225867249737343069263505682871799985561783449677622081723 0.361687449580166779046981941173422003282922978478001173047588 0.455423761282418083530107522256597990552430143330204291345907
847 0.437601837729552039633097975284571634461929533714277085848912 -0.0385641851186681479160651521605431225116788232198218644412008 0.390523927633606321540833592609139704679299723987219865317565
848 -0.390523927633606321540833592609139704679299723987219865317565 0.437601837729552039633097975284571634461929533714277085848912 -0.0385641851186681479160651521605431225116788232198218644412008
849 -0.0385641851186681479160651521605431225116788232198218644412008 0.390523927633606321540833592609139704679299723987219865317565 -0.437601837729552039633097975284571634461929533714277085848912
850 0.0912346403238875028607536761511460669344472117949416064210644 -0.252630885703413232289218718050249580257975157067132361129529 0.522824424454525773940024325852858814460485712059244848057085
851 0.390523927633606321540833592609139704679299723987219865317565 0.437601837729552039633097975284571634461929533714277085848912 -0.0385641851186681479160651521605431225116788232198218644412008
852 0.546658401606305586390861198407744057486877355125145897766971 -0.0288364780534395424938516514357177013963767455092186922699769 -0.214066700584745084373153565889706457746296333847310496688328
853 -0.214066700584745084373153565889706457746296333847310496688328 -0.546658401606305586390861198407744057486877355125145897766971 0.0288364780534395424938516514357177013963767455092186922699769
854 -0.0912346403238875028607536761511460669344472117949416064210644 -0.252630885703413232289218718050249580257975157067132361129529 -0.522824424454525773940024325852858814460485712059244848057085
855 -0.546658401606305586390861198407744057486877355125145897766971 -0.0288364780534395424938516514357177013963767455092186922699769 -0.214066700584745084373153565889706457746296333847310496688328
856 0.390523927633606321540833592609139704679299723987219865317565 -0.437601837729552039633097975284571634461929533714277085848912 0.0385641851186681479160651521605431225116788232198218644412008
857 -0.522824424454525773940024325852858814460485712059244848057085 0.0912346403238875028607536761511460669344472117949416064210644 -0.252630885703413232289218718050249580257975157067132361129529
858 -0.390523927633606321540833592609139704679299723987219865317565 -0.437601837729552039633097975284571634461929533714277085848912 0.0385641851186681479160651521605431225116788232198218644412008
859 0.0385641851186681479160651521605431225116788232198218644412008 0.390523927633606321540833592609139704679299723987219865317565 0.437601837729552039633097975284571634461929533714277085848912
860 0.2992892873097188186800799164579936377448525121922782588965 0.493987946401086231446172674417141113064108966550026155787108 0.109056563876753546757763223123172423024947821410868811918059
861 0.0852225867249737343069263505682871799985561783449677622081723 -0.361687449580166779046981941173422003282922978478001173047588 0.455423761282418083530107522256597990552430143330204291345907
862 0.455423761282418083530107522256597990552430143330204291345907 -0.0852225867249737343069263505682871799985561783449677622081723 0.361687449580166779046981941173422003282922978478001173047588
863 -0.2992892873097188186800799164579936377448525121922782588965 0.493987946401086231446172674417141113064108966550026155787108 -0.109056563876753546757763223123172423024947821410868811918059
864 -0.0852225867249737343069263505682871799985561783449677622081723 -0.361687449580166779046981941173422003282922978478001173047588 0.455423761282418083530107522256597990552430143330204291345907
865 -0.109056563876753546757763223123172423024947821410868811918059 0.2992892873097188186800799164579936377448525121922782588965 0.493987946401086231446172674417141113064108966550026155787108
866 -0.0385641851186681479160651521605431225116788232198218644412008 -0.390523927633606321540833592609139704679299723987219865317565 0.437601837729552039633097975284571634461929533714277085848912
867 -0.0288364780534395424938516514357177013963767455092186922699769 0.214066700584745084373153565889706457746296333847310496688328 -0.546658401606305586390861198407744057486877355125145897766971
868 -0.390523927633606321540833592609139704679299723987219865317565 -0.437601837729552039633097975284571634461929533714277085848912 -0.0385641851186681479160651521605431225116788232198218644412008
869 0.0385641851186681479160651521605431225116788232198218644412008 -0.390523927633606321540833592609139704679299723987219865317565 -0.437601837729552039633097975284571634461929533714277085848912
870 0.455423761282418083530107522256597990552430143330204291345907 0.0852225867249737343069263505682871799985561783449677622081723 -0.361687449580166779046981941173422003282922978478001173047588
871 -0.0385641851186681479160651521605431225116788232198218644412008 -0.390523927633606321540833592609139704679299723987219865317565 -0.437601837729552039633097975284571634461929533714277085848912
872 -0.0912346403238875028607536761511460669344472117949416064210644 0.252630885703413232289218718050249580257975157067132361129529 0.522824424454525773940024325852858814460485712059244848057085
873 0.522824424454525773940024325852858814460485712059244848057085 0.0912346403238875028607536761511460669344472117949416064210644 -0.252630885703413232289218718050249580257975157067132361129529
874 -0.455423761282418083530107522256597990552430143330204291345907 0.0852225867249737343069263505682871799985561783449677622081723 0.361687449580166779046981941173422003282922978478001173047588
875 0.0912346403238875028607536761511460669344472117949416064210644 0.252630885703413232289218718050249580257975157067132361129529 0.522824424454525773940024325852858814460485712059244848057085
876 -0.0385641851186681479160651521605431225116788232198218644412008 0.390523927633606321540833592609139704679299723987219865317565 0.437601837729552039633097975284571634461929533714277085848912
877 0.361687449580166779046981941173422003282922978478001173047588 0.455423761282418083530107522256597990552430143330204291345907 0.0852225867249737343069263505682871799985561783449677622081723
878 -0.214066700584745084373153565889706457746296333847310496688328 0.546658401606305586390861198407744057486877355125145897766971 -0.0288364780534395424938516514357177013963767455092186922699769
879 0.546658401606305586390861198407744057486877355125145897766971 0.0288364780534395424938516514357177013963767455092186922699769 -0.214066700584745084373153565889706457746296333847310496688328
880 0.214066700584745084373153565889706457746296333847310496688328 0.546658401606305586390861198407744057486877355125145897766971 0.0288364780534395424938516514357177013963767455092186922699769
881 0.0288364780534395424938516514357177013963767455092186922699769 -0.214066700584745084373153565889706457746296333847310496688328 -0.546658401606305586390861198407744057486877355125145897766971
882 -0.2992892873097188186800799164579936377448525121922782588965 -0.493987946401086231446172674417141113064108966550026155787108 0.109056563876753546757763223123172423024947821410868811918059
883 -0.214066700584745084373153565889706457746296333847310496688328 0.546658401606305586390861198407744057486877355125145897766971 0.0288364780534395424938516514357177013963767455092186922699769
884 0.0912346403238875028607536761511460669344472117949416064210644 0.252630885703413232289218718050249580257975157067132361129529 -0.522824424454525773940024325852858814460485712059244848057085
885 -0.522824424454525773940024325852858814460485712059244848057085 -0.0912346403238875028607536761511460669344472117949416064210644 -0.252630885703413232289218718050249580257975157067132361129529
886 0.2992892873097188186800799164579936377448525121922782588965 -0.493987946401086231446172674417141113064108966550026155787108 -0.109056563876753546757763223123172423024947821410868811918059
887 -0.0912346403238875028607536761511460669344472117949416064210644 0.252630885703413232289218718050249580257975157067132361129529 -0.522824424454525773940024325852858814460485712059244848057085
888 -0.214066700584745084373153565889706457746296333847310496688328 -0.546658401606305586390861198407744057486877355125145897766971 -0.0288364780534395424938516514357177013963767455092186922699769
889 -0.109056563876753546757763223123172423024947821410868811918059 -0.2992892873097188186800799164579936377448525121922782588965 -0.493987946401086231446172674417141113064108966550026155787108
890 -0.390523927633606321540833592609139704679299723987219865317565 0.437601837729552039633097975284571634461929533714277085848912 0.0385641851186681479160651521605431225116788232198218644412008
891 0.0385641851186681479160651521605431225116788232198218644412008 0.390523927633606321540833592609139704679299723987219865317565 -0.437601837729552039633097975284571634461929533714277085848912
892 0.0288364780534395424938516514357177013963767455092186922699769 -0.214066700584745084373153565889706457746296333847310496688328 0.546658401606305586390861198407744057486877355125145897766971
893 0.522824424454525773940024325852858814460485712059244848057085 -0.0912346403238875028607536761511460669344472117949416064210644 -0.252630885703413232289218718050249580257975157067132361129529
894 -0.252630885703413232289218718050249580257975157067132361129529 -0.522824424454525773940024325852858814460485712059244848057085 0.0912346403238875028607536761511460669344472117949416064210644
895 -0.0288364780534395424938516514357177013963767455092186922699769 -0.214066700584745084373153565889706457746296333847310496688328 -0.546658401606305586390861198407744057486877355125145897766971
896 -0.361687449580166779046981941173422003282922978478001173047588 -0.455423761282418083530107522256597990552430143330204291345907 -0.0852225867249737343069263505682871799985561783449677622081723
897 0.0385641851186681479160651521605431225116788232198218644412008 -0.390523927633606321540833592609139704679299723987219865317565 0.437601837729552039633097975284571634461929533714277085848912
898 0.109056563876753546757763223123172423024947821410868811918059 0.2992892873097188186800799164579936377448525121922782588965 0.493987946401086231446172674417141113064108966550026155787108
899 0.2992892873097188186800799164579936377448525121922782588965 -0.493987946401086231446172674417141113064108966550026155787108 0.109056563876753546757763223123172423024947821410868811918059
900 0.0852225867249737343069263505682871799985561783449677622081723 0.361687449580166779046981941173422003282922978478001173047588 0.455423761282418083530107522256597990552430143330204291345907
901 0.361687449580166779046981941173422003282922978478001173047588 0.455423761282418083530107522256597990552430143330204291345907 -0.0852225867249737343069263505682871799985561783449677622081723
902 0.455423761282418083530107522256597990552430143330204291345907 0.0852225867249737343069263505682871799985561783449677622081723 0.361687449580166779046981941173422003282922978478001173047588
903 -0.109056563876753546757763223123172423024947821410868811918059 -0.2992892873097188186800799164579936377448525121922782588965 0.493987946401086231446172674417141113064108966550026155787108
904 -0.2992892873097188186800799164579936377448525121922782588965 -0.493987946401086231446172674417141113064108966550026155787108 -0.109056563876753546757763223123172423024947821410868811918059
905 0.455423761282418083530107522256597990552430143330204291345907 -0.0852225867249737343069263505682871799985561783449677622081723 -0.361687449580166779046981941173422003282922978478001173047588
906 -0.522824424454525773940024325852858814460485712059244848057085 -0.0912346403238875028607536761511460669344472117949416064210644 0.252630885703413232289218718050249580257975157067132361129529
907 0.109056563876753546757763223123172423024947821410868811918059 -0.2992892873097188186800799164579936377448525121922782588965 0.493987946401086231446172674417141113064108966550026155787108
908 0.493987946401086231446172674417141113064108966550026155787108 -0.109056563876753546757763223123172423024947821410868811918059 0.2992892873097188186800799164579936377448525121922782588965
909 -0.361687449580166779046981941173422003282922978478001173047588 0.455423761282418083530107522256597990552430143330204291345907 -0.0852225867249737343069263505682871799985561783449677622081723
910 0.437601837729552039633097975284571634461929533714277085848912 -0.0385641851186681479160651521605431225116788232198218644412008 -0.390523927633606321540833592609139704679299723987219865317565
911 -0.493987946401086231446172674417141113064108966550026155787108 -0.109056563876753546757763223123172423024947821410868811918059 0.2992892873097188186800799164579936377448525121922782588965
912 -0.546658401606305586390861198407744057486877355125145897766971 -0.0288364780534395424938516514357177013963767455092186922699769 0.214066700584745084373153565889706457746296333847310496688328
913 0.493987946401086231446172674417141113064108966550026155787108 -0.109056563876753546757763223123172423024947821410868811918059 -0.2992892873097188186800799164579936377448525121922782588965
914 -0.437601837729552039633097975284571634461929533714277085848912 0.0385641851186681479160651521605431225116788232198218644412008 -0.390523927633606321540833592609139704679299723987219865317565
915 0.252630885703413232289218718050249580257975157067132361129529 -0.522824424454525773940024325852858814460485712059244848057085 0.0912346403238875028607536761511460669344472117949416064210644
916 -0.455423761282418083530107522256597990552430143330204291345907 -0.0852225867249737343069263505682871799985561783449677622081723 -0.361687449580166779046981941173422003282922978478001173047588
917 -0.361687449580166779046981941173422003282922978478001173047588 0.455423761282418083530107522256597990552430143330204291345907 0.0852225867249737343069263505682871799985561783449677622081723
918 0.546658401606305586390861198407744057486877355125145897766971 0.0288364780534395424938516514357177013963767455092186922699769 0.214066700584745084373153565889706457746296333847310496688328
919 -0.437601837729552039633097975284571634461929533714277085848912 -0.0385641851186681479160651521605431225116788232198218644412008 -0.390523927633606321540833592609139704679299723987219865317565
920 0.214066700584745084373153565889706457746296333847310496688328 -0.546658401606305586390861198407744057486877355125145897766971 0.0288364780534395424938516514357177013963767455092186922699769
921 0.522824424454525773940024325852858814460485712059244848057085 -0.0912346403238875028607536761511460669344472117949416064210644 0.252630885703413232289218718050249580257975157067132361129529
922 -0.0912346403238875028607536761511460669344472117949416064210644 -0.252630885703413232289218718050249580257975157067132361129529 0.522824424454525773940024325852858814460485712059244848057085
923 -0.252630885703413232289218718050249580257975157067132361129529 0.522824424454525773940024325852858814460485712059244848057085 0.0912346403238875028607536761511460669344472117949416064210644
924 0.493987946401086231446172674417141113064108966550026155787108 0.109056563876753546757763223123172423024947821410868811918059 0.2992892873097188186800799164579936377448525121922782588965
925 0.361687449580166779046981941173422003282922978478001173047588 -0.455423761282418083530107522256597990552430143330204291345907 0.0852225867249737343069263505682871799985561783449677622081723
926 -0.493987946401086231446172674417141113064108966550026155787108 0.109056563876753546757763223123172423024947821410868811918059 -0.2992892873097188186800799164579936377448525121922782588965
927 -0.455423761282418083530107522256597990552430143330204291345907 -0.0852225867249737343069263505682871799985561783449677622081723 0.361687449580166779046981941173422003282922978478001173047588
928 0.522824424454525773940024325852858814460485712059244848057085 0.0912346403238875028607536761511460669344472117949416064210644 0.252630885703413232289218718050249580257975157067132361129529
929 -0.2992892873097188186800799164579936377448525121922782588965 0.493987946401086231446172674417141113064108966550026155787108 0.109056563876753546757763223123172423024947821410868811918059
930 -0.252630885703413232289218718050249580257975157067132361129529 0.522824424454525773940024325852858814460485712059244848057085 -0.0912346403238875028607536761511460669344472117949416064210644
931 -0.361687449580166779046981941173422003282922978478001173047588 -0.455423761282418083530107522256597990552430143330204291345907 0.0852225867249737343069263505682871799985561783449677622081723
932 0.252630885703413232289218718050249580257975157067132361129529 0.522824424454525773940024325852858814460485712059244848057085 0.0912346403238875028607536761511460669344472117949416064210644
933 0.214066700584745084373153565889706457746296333847310496688328 -0.546658401606305586390861198407744057486877355125145897766971 -0.0288364780534395424938516514357177013963767455092186922699769
934 -0.0288364780534395424938516514357177013963767455092186922699769 -0.214066700584745084373153565889706457746296333847310496688328 0.546658401606305586390861198407744057486877355125145897766971
935 0.0852225867249737343069263505682871799985561783449677622081723 0.361687449580166779046981941173422003282922978478001173047588 -0.455423761282418083530107522256597990552430143330204291345907
936 0.0288364780534395424938516514357177013963767455092186922699769 0.214066700584745084373153565889706457746296333847310496688328 0.546658401606305586390861198407744057486877355125145897766971
937 0.252630885703413232289218718050249580257975157067132361129529 0.522824424454525773940024325852858814460485712059244848057085 -0.0912346403238875028607536761511460669344472117949416064210644
938 0.0288364780534395424938516514357177013963767455092186922699769 0.214066700584745084373153565889706457746296333847310496688328 -0.546658401606305586390861198407744057486877355125145897766971
939 0.109056563876753546757763223123172423024947821410868811918059 -0.2992892873097188186800799164579936377448525121922782588965 -0.493987946401086231446172674417141113064108966550026155787108
940 -0.522824424454525773940024325852858814460485712059244848057085 0.0912346403238875028607536761511460669344472117949416064210644 0.252630885703413232289218718050249580257975157067132361129529
941 0.0912346403238875028607536761511460669344472117949416064210644 -0.252630885703413232289218718050249580257975157067132361129529 -0.522824424454525773940024325852858814460485712059244848057085
942 -0.252630885703413232289218718050249580257975157067132361129529 -0.522824424454525773940024325852858814460485712059244848057085 -0.0912346403238875028607536761511460669344472117949416064210644
943 -0.0852225867249737343069263505682871799985561783449677622081722 -0.361687449580166779046981941173422003282922978478001173047588 -0.455423761282418083530107522256597990552430143330204291345907
944 -0.109056563876753546757763223123172423024947821410868811918059 0.2992892873097188186800799164579936377448525121922782588965 -0.493987946401086231446172674417141113064108966550026155787108
945 0.2992892873097188186800799164579936377448525121922782588965 0.493987946401086231446172674417141113064108966550026155787108 -0.109056563876753546757763223123172423024947821410868811918059
946 0.214066700584745084373153565889706457746296333847310496688328 0.546658401606305586390861198407744057486877355125145897766971 -0.0288364780534395424938516514357177013963767455092186922699769
947 0.109056563876753546757763223123172423024947821410868811918059 0.2992892873097188186800799164579936377448525121922782588965 -0.493987946401086231446172674417141113064108966550026155787108
948 -0.493987946401086231446172674417141113064108966550026155787108 -0.109056563876753546757763223123172423024947821410868811918059 -0.2992892873097188186800799164579936377448525121922782588965
949 0.252630885703413232289218718050249580257975157067132361129529 -0.522824424454525773940024325852858814460485712059244848057085 -0.0912346403238875028607536761511460669344472117949416064210645
950 0.493987946401086231446172674417141113064108966550026155787108 0.109056563876753546757763223123172423024947821410868811918059 -0.2992892873097188186800799164579936377448525121922782588965
951 -0.0288364780534395424938516514357177013963767455092186922699769 0.214066700584745084373153565889706457746296333847310496688328 0.546658401606305586390861198407744057486877355125145897766971
952 -0.493987946401086231446172674417141113064108966550026155787108 0.109056563876753546757763223123172423024947821410868811918059 0.2992892873097188186800799164579936377448525121922782588965
953 0.361687449580166779046981941173422003282922978478001173047588 -0.455423761282418083530107522256597990552430143330204291345907 -0.0852225867249737343069263505682871799985561783449677622081722
954 0.437601837729552039633097975284571634461929533714277085848912 0.0385641851186681479160651521605431225116788232198218644412008 -0.390523927633606321540833592609139704679299723987219865317565
955 -0.455423761282418083530107522256597990552430143330204291345907 0.0852225867249737343069263505682871799985561783449677622081723 -0.361687449580166779046981941173422003282922978478001173047588
956 -0.546658401606305586390861198407744057486877355125145897766971 0.0288364780534395424938516514357177013963767455092186922699769 0.214066700584745084373153565889706457746296333847310496688328
957 0.546658401606305586390861198407744057486877355125145897766971 -0.0288364780534395424938516514357177013963767455092186922699769 0.214066700584745084373153565889706457746296333847310496688328
958 0.0852225867249737343069263505682871799985561783449677622081723 -0.361687449580166779046981941173422003282922978478001173047588 -0.455423761282418083530107522256597990552430143330204291345907
959 -0.0852225867249737343069263505682871799985561783449677622081723 0.361687449580166779046981941173422003282922978478001173047588 -0.455423761282418083530107522256597990552430143330204291345907
960 0.309016994374947424102293417182819058860154589902881431067724 0.5 0.0
961 -0.309016994374947424102293417182819058860154589902881431067724 -0.5 0.0
962 0.0 0.309016994374947424102293417182819058860154589902881431067724 0.5
963 0.309016994374947424102293417182819058860154589902881431067724 -0.5 0.0
964 0.0 -0.309016994374947424102293417182819058860154589902881431067724 -0.5
965 -0.309016994374947424102293417182819058860154589902881431067724 0.5 0.0
966 0.0 -0.309016994374947424102293417182819058860154589902881431067724 0.5
967 0.5 0.0 0.309016994374947424102293417182819058860154589902881431067724
968 0.0 0.309016994374947424102293417182819058860154589902881431067724 -0.5
969 -0.5 0.0 -0.309016994374947424102293417182819058860154589902881431067724
970 0.5 0.0 -0.309016994374947424102293417182819058860154589902881431067724
971 -0.5 4.8509181023907622688123685019556393664759807623555973409675e-63 0.309016994374947424102293417182819058860154589902881431067724
